,Symbol,Company Name
0,ADANIENT,Adani Enterprises Limited
1,TCS,Tata Consultancy Services Limited
2,HDFCBANK,HDFC Bank Limited
3,INFY,Infosys Limited
4,ICICIBANK,ICICI Bank Limited
5,HINDUNILVR,Hindustan Unilever Limited
6,SBIN,State Bank of India
7,HDFC,Housing Development Finance Corporation Limited
8,BHARTIARTL,Bharti Airtel Limited
9,RELIANCE,Reliance Industries Limited
10,LICI,Life Insurance Corporation Of India
11,ITC,ITC Limited
12,ATGL,Adani Total Gas Limited
13,BAJFINANCE,Bajaj Finance Limited
14,KOTAKBANK,Kotak Mahindra Bank Limited
15,ADANIGREEN,Adani Green Energy Limited
16,ASIANPAINT,Asian Paints Limited
17,LT,Larsen & Toubro Limited
18,ADANITRANS,Adani Transmission Limited
19,AXISBANK,Axis Bank Limited
20,HCLTECH,HCL Technologies Limited
21,DMART,Avenue Supermarts Limited
22,MARUTI,Maruti Suzuki India Limited
23,BAJAJFINSV,Bajaj Finserv Limited
24,SUNPHARMA,Sun Pharmaceutical Industries Limited
25,TITAN,Titan Company Limited
26,WIPRO,Wipro Limited
27,ULTRACEMCO,UltraTech Cement Limited
28,JSWSTEEL,JSW Steel Limited
29,ONGC,Oil & Natural Gas Corporation Limited
30,ADANIPORTS,Adani Ports and Special Economic Zone Limited
31,NTPC,NTPC Limited
32,M&M,Mahindra & Mahindra Limited
33,POWERGRID,Power Grid Corporation of India Limited
34,COALINDIA,Coal India Limited
35,TATASTEEL,Tata Steel Limited
36,HINDZINC,Hindustan Zinc Limited
37,PIDILITIND,Pidilite Industries Limited
38,LTIM,LTIMindtree Limited
39,TATAMOTORS,Tata Motors Limited
40,SBILIFE,SBI Life Insurance Company Limited
41,HDFCLIFE,HDFC Life Insurance Company Limited
42,ADANIPOWER,Adani Power Limited
43,VEDL,Vedanta Limited
44,GRASIM,Grasim Industries Limited
45,IOC,Indian Oil Corporation Limited
46,HINDALCO,Hindalco Industries Limited
47,AMBUJACEM,Ambuja Cements Limited
48,BRITANNIA,Britannia Industries Limited
49,BAJAJ-AUTO,Bajaj Auto Limited
50,SIEMENS,Siemens Limited
51,DABUR,Dabur India Limited
52,TECHM,Tech Mahindra Limited
53,BANKBARODA,Bank of Baroda
54,INDUSINDBK,IndusInd Bank Limited
55,DLF,DLF Limited
56,DIVISLAB,Divi's Laboratories Limited
57,GODREJCP,Godrej Consumer Products Limited
58,EICHERMOT,Eicher Motors Limited
59,CIPLA,Cipla Limited
60,VBL,Varun Beverages Limited
61,HAL,Hindustan Aeronautics Limited
62,SHREECEM,SHREE CEMENT LIMITED
63,AWL,Adani Wilmar Limited
64,INDIGO,InterGlobe Aviation Limited
65,SBICARD,SBI Cards and Payment Services Limited
66,BEL,Bharat Electronics Limited
67,BPCL,Bharat Petroleum Corporation Limited
68,TATACONSUM,TATA CONSUMER PRODUCTS LIMITED
69,DRREDDY,Dr. Reddy's Laboratories Limited
70,HAVELLS,Havells India Limited
71,SRF,SRF Limited
72,TATAPOWER,Tata Power Company Limited
73,MARICO,Marico Limited
74,ICICIPRULI,ICICI Prudential Life Insurance Company Limited
75,APOLLOHOSP,Apollo Hospitals Enterprise Limited
76,BAJAJHLDNG,Bajaj Holdings & Investment Limited
77,MCDOWELL-N,United Spirits Limited
78,GAIL,GAIL (India) Limited
79,PNB,Punjab National Bank
80,ICICIGI,ICICI Lombard General Insurance Company Limited
81,IOB,Indian Overseas Bank
82,CANBK,Canara Bank
83,CHOLAFIN,Cholamandalam Investment and Finance Company Limited
84,YESBANK,Yes Bank Limited
85,JINDALSTEL,Jindal Steel & Power Limited
86,IDBI,IDBI Bank Limited
87,ABB,ABB India Limited
88,BERGEPAINT,Berger Paints (I) Limited
89,UNIONBANK,Union Bank of India
90,HEROMOTOCO,Hero MotoCorp Limited
91,UPL,UPL Limited
92,TIINDIA,Tube Investments of India Limited
93,LODHA,Macrotech Developers Limited
94,TORNTPHARM,Torrent Pharmaceuticals Limited
95,PIIND,PI Industries Limited
96,TVSMOTOR,TVS Motor Company Limited
97,INDUSTOWER,Indus Towers Limited
98,IRCTC,Indian Railway Catering And Tourism Corporation Limited
99,BOSCHLTD,Bosch Limited
100,NAUKRI,Info Edge (India) Limited
101,ZOMATO,Zomato Limited
102,MOTHERSON,Samvardhana Motherson International Limited
103,TRENT,Trent Limited
104,PAGEIND,Page Industries Limited
105,JSWENERGY,JSW Energy Limited
106,PGHH,Procter & Gamble Hygiene and Health Care Limited
107,HDFCAMC,HDFC Asset Management Company Limited
108,ACC,ACC Limited
109,INDHOTEL,The Indian Hotels Company Limited
110,CONCOR,Container Corporation of India Limited
111,UBL,United Breweries Limited
112,NYKAA,FSN E-Commerce Ventures Limited
113,AUBANK,AU Small Finance Bank Limited
114,PATANJALI,Patanjali Foods Limited
115,SCHAEFFLER,Schaeffler India Limited
116,MUTHOOTFIN,Muthoot Finance Limited
117,MAXHEALTH,Max Healthcare Institute Limited
118,IRFC,Indian Railway Finance Corporation Limited
119,ZYDUSLIFE,Zydus Lifesciences Limited
120,ASHOKLEY,Ashok Leyland Limited
121,COLPAL,Colgate Palmolive (India) Limited
122,CGPOWER,CG Power and Industrial Solutions Limited
123,BALKRISIND,Balkrishna Industries Limited
124,BHARATFORG,Bharat Forge Limited
125,NHPC,NHPC Limited
126,SOLARINDS,Solar Industries India Limited
127,ASTRAL,Astral Limited
128,TATAELXSI,Tata Elxsi Limited
129,LTTS,L&T Technology Services Limited
130,POLYCAB,Polycab India Limited
131,CUMMINSIND,Cummins India Limited
132,BANDHANBNK,Bandhan Bank Limited
133,UCOBANK,UCO Bank
134,MRF,MRF Limited
135,PFC,Power Finance Corporation Limited
136,SHRIRAMFIN,Shriram Finance Limited
137,MPHASIS,MphasiS Limited
138,HONAUT,Honeywell Automation India Limited
139,IDFCFIRSTB,IDFC First Bank Limited
140,TATACOMM,Tata Communications Limited
141,ABCAPITAL,Aditya Birla Capital Limited
142,BANKINDIA,Bank of India
143,NMDC,NMDC Limited
144,ALKEM,Alkem Laboratories Limited
145,INDIANB,Indian Bank
146,DALBHARAT,Dalmia Bharat Limited
147,PAYTM,One 97 Communications Limited
148,FLUOROCHEM,Gujarat Fluorochemicals Limited
149,SAIL,Steel Authority of India Limited
150,GODREJPROP,Godrej Properties Limited
151,JUBLFOOD,Jubilant Foodworks Limited
152,GUJGASLTD,Gujarat Gas Limited
153,LUPIN,Lupin Limited
154,HINDPETRO,Hindustan Petroleum Corporation Limited
155,STARHEALTH,Star Health and Allied Insurance Company Limited
156,MANYAVAR,Vedant Fashions Limited
157,PETRONET,Petronet LNG Limited
158,OBEROIRLTY,Oberoi Realty Limited
159,BIOCON,Biocon Limited
160,GICRE,General Insurance Corporation of India
161,SUPREMEIND,Supreme Industries Limited
162,RECLTD,REC Limited
163,APLAPOLLO,APL Apollo Tubes Limited
164,UNOMINDA,UNO Minda Limited
165,PERSISTENT,Persistent Systems Limited
166,FEDERALBNK,The Federal Bank  Limited
167,LINDEINDIA,Linde India Limited
168,M&MFIN,Mahindra & Mahindra Financial Services Limited
169,IGL,Indraprastha Gas Limited
170,ESCORTS,Escorts Kubota Limited
171,CENTRALBK,Central Bank of India
172,BHEL,Bharat Heavy Electricals Limited
173,ABFRL,Aditya Birla Fashion and Retail Limited
174,DEEPAKNTR,Deepak Nitrite Limited
175,VOLTAS,Voltas Limited
176,OFSS,Oracle Financial Services Software Limited
177,COROMANDEL,Coromandel International Limited
178,GLAND,Gland Pharma Limited
179,MSUMI,Motherson Sumi Wiring India Limited
180,AUROPHARMA,Aurobindo Pharma Limited
181,SUNDARMFIN,Sundaram Finance Limited
182,PHOENIXLTD,The Phoenix Mills Limited
183,IDEA,Vodafone Idea Limited
184,3MINDIA,3M India Limited
185,SONACOMS,Sona BLW Precision Forgings Limited
186,ATUL,Atul Limited
187,SUMICHEM,Sumitomo Chemical India Limited
188,AIAENG,AIA Engineering Limited
189,FACT,Fertilizers and Chemicals Travancore Limited
190,DELHIVERY,Delhivery Limited
191,METROBRAND,Metro Brands Limited
192,GMRINFRA,GMR Airports Infrastructure Limited
193,TATACHEM,Tata Chemicals Limited
194,COFORGE,Coforge Limited
195,KANSAINER,Kansai Nerolac Paints Limited
196,TORNTPOWER,Torrent Power Limited
197,POONAWALLA,Poonawalla Fincorp Limited
198,SYNGENE,Syngene International Limited
199,THERMAX,Thermax Limited
200,MFSL,Max Financial Services Limited
201,TIMKEN,Timken India Limited
202,DIXON,Dixon Technologies (India) Limited
203,ZEEL,Zee Entertainment Enterprises Limited
204,PSB,Punjab & Sind Bank
205,LICHSGFIN,LIC Housing Finance Limited
206,RELAXO,Relaxo Footwears Limited
207,OIL,Oil India Limited
208,JKCEMENT,JK Cement Limited
209,CRISIL,CRISIL Limited
210,GLAXO,GlaxoSmithKline Pharmaceuticals Limited
211,SKFINDIA,SKF India Limited
212,AARTIIND,Aarti Industries Limited
213,DEVYANI,Devyani International Limited
214,L&TFH,L&T Finance Holdings Limited
215,RAJESHEXPO,Rajesh Exports Limited
216,FORTIS,Fortis Healthcare Limited
217,CROMPTON,Crompton Greaves Consumer Electricals Limited
218,IPCALAB,IPCA Laboratories Limited
219,BATAINDIA,Bata India Limited
220,NIACL,The New India Assurance Company Limited
221,APOLLOTYRE,Apollo Tyres Limited
222,MAHABANK,Bank of Maharashtra
223,VINATIORGA,Vinati Organics Limited
224,SUNDRMFAST,Sundram Fasteners Limited
225,PFIZER,Pfizer Limited
226,HATSUN,Hatsun Agro Product Limited
227,POLICYBZR,PB Fintech Limited
228,LAURUSLABS,Laurus Labs Limited
229,NAVINFLUOR,Navin Fluorine International Limited
230,PEL,Piramal Enterprises Limited
231,GRINDWELL,Grindwell Norton Limited
232,ENDURANCE,Endurance Technologies Limited
233,KPITTECH,KPIT Technologies Limited
234,SUNTV,Sun TV Network Limited
235,WHIRLPOOL,Whirlpool of India Limited
236,LALPATHLAB,Dr. Lal Path Labs Ltd.
237,EMAMILTD,Emami Limited
238,PRESTIGE,Prestige Estates Projects Limited
239,KAJARIACER,Kajaria Ceramics Limited
240,BLUEDART,Blue Dart Express Limited
241,IIFL,IIFL Finance Limited
242,TTML,Tata Teleservices (Maharashtra) Limited
243,FIVESTAR,Five-Star Business Finance Limited
244,KPRMILL,K.P.R. Mill Limited
245,FINEORG,Fine Organic Industries Limited
246,IRB,IRB Infrastructure Developers Limited
247,TRIDENT,Trident Limited
248,BDL,Bharat Dynamics Limited
249,ZFCVINDIA,ZF Commercial Vehicle Control Systems India Limited
250,CARBORUNIV,Carborundum Universal Limited
251,RAMCOCEM,The Ramco Cements Limited
252,GILLETTE,Gillette India Limited
253,ISEC,ICICI Securities Limited
254,MAZDOCK,Mazagon Dock Shipbuilders Limited
255,CLEAN,Clean Science and Technology Limited
256,IIFLWAM,Iifl Wealth Management Limited
257,NH,Narayana Hrudayalaya Ltd.
258,AJANTPHARM,Ajanta Pharma Limited
259,NAM-INDIA,Nippon Life India Asset Management Limited
260,EXIDEIND,Exide Industries Limited
261,APTUS,Aptus Value Housing Finance India Limited
262,JBCHEPHARM,JB Chemicals & Pharmaceuticals Limited
263,GSPL,Gujarat State Petronet Limited
264,NATIONALUM,National Aluminium Company Limited
265,AAVAS,Aavas Financiers Limited
266,GODREJIND,Godrej Industries Limited
267,AFFLE,Affle (India) Limited
268,CREDITACC,CREDITACCESS GRAMEEN LIMITED
269,RVNL,Rail Vikas Nigam Limited
270,POWERINDIA,Hitachi Energy India Limited
271,REDINGTON,Redington Limited
272,DCMSHRIRAM,DCM Shriram Limited
273,BAJAJELEC,Bajaj Electricals Limited
274,KIOCL,KIOCL Limited
275,RATNAMANI,Ratnamani Metals & Tubes Limited
276,PPLPHARMA,Piramal Pharma Limited
277,ALKYLAMINE,Alkyl Amines Chemicals Limited
278,RADICO,Radico Khaitan Limited
279,RHIM,RHI MAGNESITA INDIA LIMITED
280,SANOFI,Sanofi India Limited
281,SJVN,SJVN Limited
282,CUB,City Union Bank Limited
283,ELGIEQUIP,Elgi Equipments Limited
284,INDIAMART,Indiamart Intermesh Limited
285,CGCL,Capri Global Capital Limited
286,KEI,KEI Industries Limited
287,ABSLAMC,Aditya Birla Sun Life AMC Limited
288,MAHINDCIE,Mahindra CIE Automotive Limited
289,NUVOCO,Nuvoco Vistas Corporation Limited
290,KALYANKJIL,Kalyan Jewellers India Limited
291,IDFC,IDFC Limited
292,LAXMIMACH,Lakshmi Machine Works Limited
293,HAPPSTMNDS,Happiest Minds Technologies Limited
294,CHAMBLFERT,Chambal Fertilizers & Chemicals Limited
295,ASAHIINDIA,Asahi India Glass Limited
296,KEC,KEC International Limited
297,SFL,Sheela Foam Limited
298,SUVENPHAR,Suven Pharmaceuticals Limited
299,CAMPUS,Campus Activewear Limited
300,IEX,Indian Energy Exchange Limited
301,MEDANTA,Global Health Limited
302,JSL,Jindal Stainless Limited
303,KIMS,Krishna Institute of Medical Sciences Limited
304,RENUKA,Shree Renuka Sugars Limited
305,BASF,BASF India Limited
306,AEGISCHEM,Aegis Logistics Limited
307,CASTROLIND,Castrol India Limited
308,GLENMARK,Glenmark Pharmaceuticals Limited
309,NLCINDIA,NLC India Limited
310,CDSL,Central Depository Services (India) Limited
311,FINPIPE,Finolex Industries Limited
312,BLUESTARCO,Blue Star Limited
313,ASTERDM,Aster DM Healthcare Limited
314,CENTURYPLY,Century Plyboards (India) Limited
315,VGUARD,V-Guard Industries Limited
316,APLLTD,Alembic Pharmaceuticals Limited
317,TTKPRESTIG,TTK Prestige Limited
318,EIHOTEL,EIH Limited
319,GRINFRA,G R Infraprojects Limited
320,ANGELONE,Angel One Limited
321,UTIAMC,UTI Asset Management Company Limited
322,CAMS,Computer Age Management Services Limited
323,BIKAJI,Bikaji Foods International Limited
324,RBLBANK,RBL Bank Limited
325,BRIGADE,Brigade Enterprises Limited
326,TATAINVEST,Tata Investment Corporation Limited
327,SUZLON,Suzlon Energy Limited
328,HINDCOPPER,Hindustan Copper Limited
329,PVR,PVR Limited
330,AETHER,Aether Industries Limited
331,HUDCO,Housing & Urban Development Corporation Limited
332,JSLHISAR,Jindal Stainless (Hisar) Limited
333,CHOLAHLDNG,Cholamandalam Financial Holdings Limited
334,GODFRYPHLP,Godfrey Phillips India Limited
335,NATCOPHARM,Natco Pharma Limited
336,HFCL,HFCL Limited
337,MOTILALOFS,Motilal Oswal Financial Services Limited
338,CESC,CESC Limited
339,SUNCLAYLTD,Sundaram Clayton Limited
340,AKZOINDIA,Akzo Nobel India Limited
341,EIDPARRY,EID Parry India Limited
342,ALLCARGO,Allcargo Logistics Limited
343,ITI,ITI Limited
344,MRPL,Mangalore Refinery and Petrochemicals Limited
345,MANAPPURAM,Manappuram Finance Limited
346,RAYMOND,Raymond Limited
347,AMARAJABAT,Amara Raja Batteries Limited
348,TANLA,Tanla Platforms Limited
349,JKLAKSHMI,JK Lakshmi Cement Limited
350,ZYDUSWELL,Zydus Wellness Limited
351,GESHIP,The Great Eastern Shipping Company Limited
352,VTL,Vardhman Textiles Limited
353,VIPIND,VIP Industries Limited
354,KRBL,KRBL Limited
355,EASEMYTRIP,Easy Trip Planners Limited
356,KARURVYSYA,Karur Vysya Bank Limited
357,DEEPAKFERT,Deepak Fertilizers and Petrochemicals Corporation Limited
358,GODREJAGRO,Godrej Agrovet Limited
359,PNBHOUSING,PNB Housing Finance Limited
360,CYIENT,Cyient Limited
361,TEJASNET,Tejas Networks Limited
362,ERIS,Eris Lifesciences Limited
363,BALAMINES,Balaji Amines Limited
364,GALAXYSURF,Galaxy Surfactants Limited
365,GNFC,Gujarat Narmada Valley Fertilizers and Chemicals Limited
366,POLYMED,Poly Medicure Limited
367,JINDWORLD,Jindal Worldwide Limited
368,SAPPHIRE,Sapphire Foods India Limited
369,JUBLINGREA,Jubilant Ingrevia Limited
370,TRITURBINE,Triveni Turbine Limited
371,FINCABLES,Finolex Cables Limited
372,KALPATPOWR,Kalpataru Power Transmission Limited
373,MGL,Mahanagar Gas Limited
374,ASTRAZEN,AstraZeneca Pharma India Limited
375,BSOFT,BIRLASOFT LIMITED
376,RITES,RITES Limited
377,BALRAMCHIN,Balrampur Chini Mills Limited
378,SWANENERGY,Swan Energy Limited
379,CENTURYTEX,Century Textiles & Industries Limited
380,SHYAMMETL,Shyam Metalics and Energy Limited
381,SONATSOFTW,Sonata Software Limited
382,LXCHEM,Laxmi Organic Industries Limited
383,SHOPERSTOP,Shoppers Stop Limited
384,ALOKINDS,Alok Industries Limited
385,GRANULES,Granules India Limited
386,WELSPUNIND,Welspun India Limited
387,TMB,Tamilnad Mercantile Bank Limited
388,ROUTE,ROUTE MOBILE LIMITED
389,BIRLACORPN,Birla Corporation Limited
390,LATENTVIEW,Latent View Analytics Limited
391,JYOTHYLAB,Jyothy Labs Limited
392,RAINBOW,Rainbow Childrens Medicare Limited
393,SPLPETRO,Supreme Petrochem Limited
394,SAREGAMA,Saregama India Limited
395,RCF,Rashtriya Chemicals and Fertilizers Limited
396,PNCINFRA,PNC Infratech Limited
397,BSE,BSE Limited
398,CRAFTSMAN,Craftsman Automation Limited
399,MEDPLUS,Medplus Health Services Limited
400,EQUITASBNK,Equitas Small Finance Bank Limited
401,IBULHSGFIN,Indiabulls Housing Finance Limited
402,GRAPHITE,Graphite India Limited
403,ANURAS,Anupam Rasayan India Limited
404,CHEMPLASTS,Chemplast Sanmar Limited
405,KNRCON,KNR Constructions Limited
406,FSL,Firstsource Solutions Limited
407,CHALET,Chalet Hotels Limited
408,CANFINHOME,Can Fin Homes Limited
409,GMMPFAUDLR,GMM Pfaudler Limited
410,CCL,CCL Products (India) Limited
411,COCHINSHIP,Cochin Shipyard Limited
412,STLTECH,Sterlite Technologies Limited
413,NBCC,NBCC (India) Limited
414,HGS,Hinduja Global Solutions Limited
415,JKPAPER,JK Paper Limited
416,NETWORK18,Network18 Media & Investments Limited
417,TCIEXP,TCI Express Limited
418,APARINDS,Apar Industries Limited
419,JMFINANCIL,JM Financial Limited
420,TRIVENI,Triveni Engineering & Industries Limited
421,METROPOLIS,Metropolis Healthcare Limited
422,BLS,BLS International Services Limited
423,LEMONTREE,Lemon Tree Hotels Limited
424,CERA,Cera Sanitaryware Limited
425,INDIACEM,The India Cements Limited
426,KSB,Ksb Limited
427,CEATLTD,CEAT Limited
428,BORORENEW,BOROSIL RENEWABLES LIMITED
429,PRINCEPIPE,Prince Pipes And Fittings Limited
430,PGHL,Procter & Gamble Health Limited
431,PRAJIND,Praj Industries Limited
432,ECLERX,eClerx Services Limited
433,ACI,Archean Chemical Industries Limited
434,GOCOLORS,Go Fashion (India) Limited
435,HOMEFIRST,Home First Finance Company India Limited
436,GARFIBRES,Garware Technical Fibres Limited
437,ESABINDIA,Esab India Limited
438,AMBER,Amber Enterprises India Limited
439,TV18BRDCST,TV18 Broadcast Limited
440,SCI,Shipping Corporation Of India Limited
441,SYMPHONY,Symphony Limited
442,BBTC,Bombay Burmah Trading Corporation Limited
443,WELCORP,Welspun Corp Limited
444,INDIGOPNTS,Indigo Paints Limited
445,BEML,BEML Limited
446,INOXLEISUR,INOX Leisure Limited
447,QUESS,Quess Corp Limited
448,JBMA,JBM Auto Limited
449,INGERRAND,Ingersoll Rand (India) Limited
450,INTELLECT,Intellect Design Arena Limited
451,EDELWEISS,Edelweiss Financial Services Limited
452,JUBLPHARMA,Jubilant Pharmova Limited
453,BCG,Brightcom Group Limited
454,GAEL,Gujarat Ambuja Exports Limited
455,RTNINDIA,RattanIndia Enterprises Limited
456,KFINTECH,Kfin Technologies Limited
457,SPARC,Sun Pharma Advanced Research Company Limited
458,RAIN,Rain Industries Limited
459,SIS,SIS LIMITED
460,DELTACORP,Delta Corp Limited
461,DATAPATTNS,Data Patterns (India) Limited
462,MMTC,MMTC Limited
463,UJJIVANSFB,Ujjivan Small Finance Bank Limited
464,GUJALKALI,Gujarat Alkalies and Chemicals Limited
465,RUSTOMJEE,Keystone Realtors Limited
466,MAHLIFE,Mahindra Lifespace Developers Limited
467,VMART,V-Mart Retail Limited
468,IRCON,Ircon International Limited
469,RELIGARE,Religare Enterprises Limited
470,ORIENTELEC,Orient Electric Limited
471,MAPMYINDIA,C.E. Info Systems Limited
472,GSFC,Gujarat State Fertilizers & Chemicals Limited
473,GRSE,Garden Reach Shipbuilders & Engineers Limited
474,RBA,Restaurant Brands Asia Limited
475,SOBHA,Sobha Limited
476,J&KBANK,The Jammu & Kashmir Bank Limited
477,EPL,EPL Limited
478,MHRIL,Mahindra Holidays & Resorts India Limited
479,CAPLIPOINT,Caplin Point Laboratories Limited
480,NCC,NCC Limited
481,MAHSCOOTER,Maharashtra Scooters Limited
482,GPIL,Godawari Power And Ispat limited
483,PRSMJOHNSN,Prism Johnson Limited
484,AVANTIFEED,Avanti Feeds Limited
485,USHAMART,Usha Martin Limited
486,MFL,Meghmani Finechem Limited
487,JPPOWER,Jaiprakash Power Ventures Limited
488,GLS,Glenmark Life Sciences Limited
489,MASTEK,Mastek Limited
490,VAIBHAVGBL,Vaibhav Global Limited
491,VSTIND,VST Industries Limited
492,SWSOLAR,Sterling and Wilson Renewable Energy Limited
493,JUSTDIAL,Just Dial Limited
494,HIKAL,Hikal Limited
495,POLYPLEX,Polyplex Corporation Limited
496,MTARTECH,Mtar Technologies Limited
497,SYRMA,Syrma SGS Technology Limited
498,LUXIND,Lux Industries Limited
499,ROLEXRINGS,Rolex Rings Limited
500,PCBL,PCBL LIMITED
501,MINDACORP,Minda Corporation Limited
502,RPOWER,Reliance Power Limited
503,GHCL,GHCL Limited
504,GPPL,Gujarat Pipavav Port Limited
505,JSWHL,JSW Holdings Limited
506,SUNTECK,Sunteck Realty Limited
507,ZENSARTECH,Zensar Technologies Limited
508,CMSINFO,CMS Info Systems Limited
509,TCI,Transport Corporation of India Limited
510,PARADEEP,Paradeep Phosphates Limited
511,VRLLOG,VRL Logistics Limited
512,TATVA,Tatva Chintan Pharma Chem Limited
513,KTKBANK,The Karnataka Bank Limited
514,RALLIS,Rallis India Limited
515,KIRLOSENG,Kirloskar Oil Engines Limited
516,GMDCLTD,Gujarat Mineral Development Corporation Limited
517,SHARDACROP,Sharda Cropchem Limited
518,STARCEMENT,Star Cement Limited
519,ARVINDFASN,Arvind Fashions Limited
520,SUPRAJIT,Suprajit Engineering Limited
521,PDSL,PDS Limited
522,VARROC,Varroc Engineering Limited
523,JKTYRE,JK Tyre & Industries Limited
524,RAJRATAN,Rajratan Global Wire Limited
525,FDC,FDC Limited
526,PRIVISCL,Privi Speciality Chemicals Limited
527,VIJAYA,Vijaya Diagnostic Centre Limited
528,INFIBEAM,Infibeam Avenues Limited
529,ENGINERSIN,Engineers India Limited
530,MASFIN,MAS Financial Services Limited
531,ICRA,ICRA Limited
532,IBREALEST,Indiabulls Real Estate Limited
533,KAYNES,Kaynes Technology India Limited
534,MAHSEAMLES,Maharashtra Seamless Limited
535,TEAMLEASE,Teamlease Services Limited
536,NESCO,Nesco Limited
537,EQUITAS,Equitas Holdings Limited
538,AARTIDRUGS,Aarti Drugs Limited
539,HEIDELBERG,HeidelbergCement India Limited
540,LAOPALA,La Opala RG Limited
541,HSCL,Himadri Speciality Chemical Limited
542,RKFORGE,Ramkrishna Forgings Limited
543,NIITLTD,NIIT Limited
544,JAMNAAUTO,Jamna Auto Industries Limited
545,SPANDANA,Spandana Sphoorty Financial Limited
546,BOROLTD,Borosil Limited
547,GREENPANEL,Greenpanel Industries Limited
548,BHARATRAS,Bharat Rasayan Limited
549,CSBBANK,CSB Bank Limited
550,PRUDENT,Prudent Corporate Advisory Services Limited
551,GREENLAM,Greenlam Industries Limited
552,ELECON,Elecon Engineering Company Limited
553,RAILTEL,Railtel Corporation Of India Limited
554,MIDHANI,Mishra Dhatu Nigam Limited
555,TATACOFFEE,Tata Coffee Limited
556,OLECTRA,Olectra Greentech Limited
557,UFLEX,UFLEX Limited
558,IONEXCHANG,ION Exchange (India) Limited
559,HGINFRA,H.G. Infra Engineering Limited
560,ROSSARI,Rossari Biotech Limited
561,HCG,Healthcare Global Enterprises Limited
562,SHAREINDIA,Share India Securities Limited
563,SAFARI,Safari Industries (India) Limited
564,HEG,HEG Limited
565,SCHNEIDER,Schneider Electric Infrastructure Limited
566,DCBBANK,DCB Bank Limited
567,SANSERA,Sansera Engineering Limited
568,SOUTHBANK,The South Indian Bank Limited
569,NOCIL,NOCIL Limited
570,PCJEWELLER,PC Jeweller Limited
571,TEGA,Tega Industries Limited
572,NAZARA,Nazara Technologies Limited
573,NFL,National Fertilizers Limited
574,BARBEQUE,Barbeque Nation Hospitality Limited
575,INDOCO,Indoco Remedies Limited
576,DAAWAT,LT Foods Limited
577,TARSONS,Tarsons Products Limited
578,JTEKTINDIA,Jtekt India Limited
579,SARDAEN,Sarda Energy & Minerals Limited
580,FUSION,Fusion Micro Finance Limited
581,IFBIND,IFB Industries Limited
582,ANANTRAJ,Anant Raj Limited
583,RELINFRA,Reliance Infrastructure Limited
584,ACE,Action Construction Equipment Limited
585,MAHLOG,Mahindra Logistics Limited
586,TECHNOE,Techno Electric & Engineering Company Limited
587,NAVA,NAVA LIMITED
588,JWL,Jupiter Wagons Limited
589,ISGEC,Isgec Heavy Engineering Limited
590,AMIORG,Ami Organics Limited
591,TINPLATE,The Tinplate Company of India Limited
592,BANARISUG,Bannari Amman Sugars Limited
593,JINDALPOLY,Jindal Poly Films Limited
594,HARSHA,Harsha Engineers International Limited
595,PAISALO,Paisalo Digital Limited
596,WSTCSTPAPR,West Coast Paper Mills Limited
597,ASTEC,Astec LifeSciences Limited
598,DISHTV,Dish TV India Limited
599,GATEWAY,Gateway Distriparks Limited
600,UJJIVAN,Ujjivan Financial Services Limited
601,THOMASCOOK,Thomas Cook  (India)  Limited
602,DHANUKA,Dhanuka Agritech Limited
603,EMIL,Electronics Mart India Limited
604,JINDALSAW,Jindal Saw Limited
605,MOIL,MOIL Limited
606,THYROCARE,Thyrocare Technologies Limited
607,VESUVIUS,Vesuvius India Limited
608,GREAVESCOT,Greaves Cotton Limited
609,TCNSBRANDS,TCNS Clothing Co. Limited
610,WOCKPHARMA,Wockhardt Limited
611,HINDWAREAP,Hindware Home Innovation Limited
612,DBREALTY,D B Realty Limited
613,AHLUCONT,Ahluwalia Contracts (India) Limited
614,DBL,Dilip Buildcon Limited
615,KKCL,Kewal Kiran Clothing Limited
616,STAR,Strides Pharma Science Limited
617,ADVENZYMES,Advanced Enzyme Technologies Limited
618,RESPONIND,Responsive Industries Limited
619,MOLDTKPAC,Mold-Tek Packaging Limited
620,NEOGEN,Neogen Chemicals Limited
621,GRAVITA,Gravita India Limited
622,RATEGAIN,Rategain Travel Technologies Limited
623,DALMIASUG,Dalmia Bharat Sugar and Industries Limited
624,CHENNPETRO,Chennai Petroleum Corporation Limited
625,HEMIPROP,Hemisphere Properties India Limited
626,HATHWAY,Hathway Cable & Datacom Limited
627,TATASTLLP,Tata Steel Long Products Limited
628,SAGCEM,Sagar Cements Limited
629,ITDC,India Tourism Development Corporation Limited
630,HCC,Hindustan Construction Company Limited
631,IFCI,IFCI Limited
632,KSCL,Kaveri Seed Company Limited
633,INOXWIND,Inox Wind Limited
634,DODLA,Dodla Dairy Limited
635,RSYSTEMS,R Systems International Limited
636,JCHAC,Johnson Controls - Hitachi Air Conditioning India Limited
637,AUTOAXLES,Automotive Axles Limited
638,MIRZAINT,Mirza International Limited
639,GET&D,GE T&D India Limited
640,POWERMECH,Power Mech Projects Limited
641,MAITHANALL,Maithan Alloys Limited
642,VAKRANGEE,Vakrangee Limited
643,HBLPOWER,HBL Power Systems Limited
644,ANANDRATHI,Anand Rathi Wealth Limited
645,GANESHHOUC,Ganesh Housing Corporation Limited
646,IPL,India Pesticides Limited
647,NAVNETEDUL,Navneet Education Limited
648,MOL,Meghmani Organics Limited
649,NILKAMAL,Nilkamal Limited
650,VOLTAMP,Voltamp Transformers Limited
651,BUTTERFLY,Butterfly Gandhimathi Appliances Limited
652,FCL,Fineotex Chemical Limited
653,SULA,Sula Vineyards Limited
654,MANINFRA,Man Infraconstruction Limited
655,SUDARSCHEM,Sudarshan Chemical Industries Limited
656,TASTYBITE,Tasty Bite Eatables Limited
657,VENKEYS,Venky's (India) Limited
658,TWL,Titagarh Wagons Limited
659,GABRIEL,Gabriel India Limited
660,JAICORPLTD,Jai Corp Limited
661,SURYAROSNI,Surya Roshni Limited
662,ICIL,Indo Count Industries Limited
663,SHANTIGEAR,Shanthi Gears Limited
664,OPTIEMUS,Optiemus Infracom Limited
665,EVEREADY,Eveready Industries India Limited
666,UNIPARTS,Uniparts India Limited
667,GRMOVER,GRM Overseas Limited
668,KIRLOSBROS,Kirloskar Brothers Limited
669,SHRIPISTON,Shriram Pistons & Rings Limited
670,TATAMETALI,Tata Metaliks Limited
671,PSPPROJECT,PSP Projects Limited
672,ORIENTCEM,Orient Cement Limited
673,NEWGEN,Newgen Software Technologies Limited
674,ASHOKA,Ashoka Buildcon Limited
675,CAMLINFINE,Camlin Fine Sciences Limited
676,DHANI,Dhani Services Limited
677,WELENT,Welspun Enterprises Limited
678,SSWL,Steel Strips Wheels Limited
679,CHOICEIN,Choice International Limited
680,ASTRAMICRO,Astra Microwave Products Limited
681,EMUDHRA,eMudhra Limited
682,BECTORFOOD,Mrs. Bectors Food Specialities Limited
683,SIYSIL,Siyaram Silk Mills Limited
684,JPASSOCIAT,Jaiprakash Associates Limited
685,BAJAJCON,Bajaj Consumer Care Limited
686,KIRIINDUS,Kiri Industries Limited
687,JAYNECOIND,Jayaswal Neco Industries Limited
688,GLOBUSSPR,Globus Spirits Limited
689,APCOTEXIND,Apcotex Industries Limited
690,SHILPAMED,Shilpa Medicare Limited
691,PGEL,PG Electroplast Limited
692,PTC,PTC India Limited
693,MBAPL,Madhya Bharat Agro Products Limited
694,DOLLAR,Dollar Industries Limited
695,BSHSL,Bombay Super Hybrid Seeds Limited
696,ETHOSLTD,Ethos Limited
697,INDIAGLYCO,India Glycols Limited
698,TVSSRICHAK,TVS Srichakra Limited
699,MARKSANS,Marksans Pharma Limited
700,PARAS,Paras Defence and Space Technologies Limited
701,SBCL,Shivalik Bimetal Controls Limited
702,ARVIND,Arvind Limited
703,PRICOLLTD,Pricol Limited
704,DFMFOODS,DFM Foods Limited
705,JMCPROJECT,JMC Projects (India)  Limited
706,TIPSINDLTD,TIPS Industries Limited
707,ELECTCAST,Electrosteel Castings Limited
708,FIEMIND,Fiem Industries Limited
709,HONDAPOWER,Honda India Power Products Limited
710,SEAMECLTD,Seamec Limited
711,BBOX,Black Box Limited
712,RUPA,Rupa & Company Limited
713,NDTV,New Delhi Television Limited
714,UNICHEMLAB,Unichem Laboratories Limited
715,TIIL,Technocraft Industries (India) Limited
716,PFOCUS,Prime Focus Limited
717,CONFIPET,Confidence Petroleum India Limited
718,GOKEX,Gokaldas Exports Limited
719,INSECTICID,Insecticides (India) Limited
720,MAXVIL,Max Ventures and Industries Limited
721,BAJAJHIND,Bajaj Hindusthan Sugar Limited
722,GUFICBIO,Gufic Biosciences Limited
723,SHARDAMOTR,Sharda Motor Industries Limited
724,CARTRADE,Cartrade Tech Limited
725,IOLCP,IOL Chemicals and Pharmaceuticals Limited
726,DBCORP,D.B.Corp Limited
727,SEQUENT,Sequent Scientific Limited
728,PURVA,Puravankara Limited
729,GENUSPOWER,Genus Power Infrastructures Limited
730,DCXINDIA,DCX Systems Limited
731,ACCELYA,Accelya Solutions India Limited
732,LGBBROSLTD,LG Balakrishnan & Bros Limited
733,NEULANDLAB,Neuland Laboratories Limited
734,BALMLAWRIE,Balmer Lawrie & Company Limited
735,DIAMONDYD,Prataap Snacks Limited
736,RTNPOWER,RattanIndia Power Limited
737,PILANIINVS,Pilani Investment and Industries Corporation Limited
738,KOLTEPATIL,Kolte - Patil Developers Limited
739,AGI,AGI Greenpac Limited
740,FINOPB,Fino Payments Bank Limited
741,PANAMAPET,Panama Petrochem Limited
742,SUNDARMHLD,Sundaram Finance Holdings Limited
743,COSMOFIRST,COSMO FIRST LIMITED
744,SOTL,Savita Oil Technologies Limited
745,AMRUTANJAN,Amrutanjan Health Care Limited
746,GULFOILLUB,Gulf Oil Lubricants India Limited
747,NACLIND,NACL Industries Limited
748,TIRUMALCHM,Thirumalai Chemicals Limited
749,MSTCLTD,Mstc Limited
750,JKIL,J.Kumar Infraprojects Limited
751,ITDCEM,ITD Cementation India Limited
752,ATFL,Agro Tech Foods Limited
753,FILATEX,Filatex India Limited
754,WABAG,VA Tech Wabag Limited
755,APOLLOPIPE,Apollo Pipes Limited
756,TIMETECHNO,Time Technoplast Limited
757,JISLJALEQS,Jain Irrigation Systems Limited
758,SUNFLAG,Sunflag Iron And Steel Company Limited
759,GANECOS,Ganesha Ecosphere Limited
760,SOMANYCERA,Somany Ceramics Limited
761,HERANBA,Heranba Industries Limited
762,MMFL,MM Forgings Limited
763,DWARKESH,Dwarikesh Sugar Industries Limited
764,RAMKY,Ramky Infrastructure Limited
765,MUKANDLTD,Mukand Limited
766,SHK,S H Kelkar and Company Limited
767,HIL,HIL Limited
768,IIFLSEC,IIFL Securities Limited
769,SUBROS,Subros Limited
770,RILINFRA,Rachana Infrastructure Limited
771,CANTABIL,Cantabil Retail India Limited
772,MOREPENLAB,Morepen Laboratories Limited
773,WONDERLA,Wonderla Holidays Limited
774,INDOSTAR,IndoStar Capital Finance Limited
775,JAGRAN,Jagran Prakashan Limited
776,STYLAMIND,Stylam Industries Limited
777,SUBEXLTD,Subex Limited
778,DREAMFOLKS,Dreamfolks Services Limited
779,VSTTILLERS,V.S.T Tillers Tractors Limited
780,VINDHYATEL,Vindhya Telelinks Limited
781,SUPRIYA,Supriya Lifescience Limited
782,KIRLOSIND,Kirloskar Industries Limited
783,VADILALIND,Vadilal Industries Limited
784,TI,Tilaknagar Industries Limited
785,SWARAJENG,Swaraj Engines Limited
786,GATI,GATI Limited
787,KESORAMIND,Kesoram Industries Limited
788,TDPOWERSYS,TD Power Systems Limited
789,SIRCA,Sirca Paints India Limited
790,LANDMARK,Landmark Cars Limited
791,ALEMBICLTD,Alembic Limited
792,TEXRAIL,Texmaco Rail & Engineering Limited
793,HINDOILEXP,Hindustan Oil Exploration Company Limited
794,GOCLCORP,GOCL Corporation Limited
795,MAYURUNIQ,Mayur Uniquoters Ltd
796,ANDHRSUGAR,The Andhra Sugars Limited
797,VIDHIING,Vidhi Specialty Food Ingredients Limited
798,CARERATING,CARE Ratings Limited
799,VISHNU,Vishnu Chemicals Limited
800,GOKULAGRO,Gokul Agro Resources Limited
801,BEPL,Bhansali Engineering Polymers Limited
802,SPIC,Southern Petrochemicals Industries Corporation  Limited
803,GREENPLY,Greenply Industries Limited
804,SESHAPAPER,Seshasayee Paper and Boards Limited
805,SANGHIIND,Sanghi Industries Limited
806,FMGOETZE,Federal-Mogul Goetze (India) Limited.
807,ORISSAMINE,The Orissa Minerals Development Company Limited
808,TIDEWATER,Tide Water Oil Company (India) Limited
809,FAIRCHEMOR,Fairchem Organics Limited
810,ADFFOODS,ADF Foods Limited
811,GENESYS,Genesys International Corporation Limited
812,ANDHRAPAP,ANDHRA PAPER LIMITED
813,STOVEKRAFT,Stove Kraft Limited
814,HERITGFOOD,Heritage Foods Limited
815,DEN,Den Networks Limited
816,DHAMPURSUG,Dhampur Sugar Mills Limited
817,MTNL,Mahanagar Telephone Nigam Limited
818,BOMDYEING,Bombay Dyeing & Mfg Company Limited
819,DATAMATICS,Datamatics Global Services Limited
820,LUMAXTECH,Lumax Auto Technologies Limited
821,SALASAR,Salasar Techno Engineering Limited
822,SHALBY,Shalby Limited
823,AVTNPL,AVT Natural Products Limited
824,NELCO,NELCO Limited
825,TNPL,Tamil Nadu Newsprint & Papers Limited
826,HMT,HMT Limited
827,VALIANTORG,Valiant Organics Limited
828,ISMTLTD,ISMT Limited
829,LSIL,Lloyds Steels Industries Limited
830,IGPL,IG Petrochemicals Limited
831,LUMAXIND,Lumax Industries Limited
832,KPIGREEN,KPI Green Energy Limited
833,KSL,Kalyani Steels Limited
834,GTPL,GTPL Hathway Limited
835,KINGFA,Kingfa Science & Technology (India) Limited
836,KABRAEXTRU,Kabra Extrusion Technik Limited
837,INDORAMA,Indo Rama Synthetics (India) Limited
838,SOLARA,Solara Active Pharma Sciences Limited
839,DYNAMATECH,Dynamatic Technologies Limited
840,JSWISPL,JSW Ispat Special Products Limited
841,SPCENET,Spacenet Enterprises India Limited
842,SHANKARA,Shankara Building Products Limited
843,GRWRHITECH,Garware Hi-Tech Films Limited
844,IMAGICAA,Imagicaaworld Entertainment Limited
845,HESTERBIO,Hester Biosciences Limited
846,GTLINFRA,GTL Infrastructure Limited
847,VERANDA,Veranda Learning Solutions Limited
848,DCW,DCW Limited
849,HUHTAMAKI,Huhtamaki India Limited
850,THANGAMAYL,Thangamayil Jewellery Limited
851,SJS,S.J.S. Enterprises Limited
852,GALLANTT,Gallantt Ispat Limited
853,SUVEN,Suven Life Sciences Limited
854,DCAL,Dishman Carbogen Amcis Limited
855,ORCHPHARMA,Orchid Pharma Limited
856,WENDT,Wendt (India) Limited
857,NRBBEARING,NRB Bearing Limited
858,GOLDIAM,Goldiam International Limited
859,KCP,KCP Limited
860,ZENTEC,Zen Technologies Limited
861,ARVSMART,Arvind SmartSpaces Limited
862,TVTODAY,TV Today Network Limited
863,BFUTILITIE,BF Utilities Limited
864,SHAILY,Shaily Engineering Plastics Limited
865,VENUSPIPES,Venus Pipes & Tubes Limited
866,KRSNAA,Krsnaa Diagnostics Limited
867,GNA,GNA Axles Limited
868,REPCOHOME,Repco Home Finance Limited
869,CIGNITITEC,Cigniti Technologies Limited
870,EXCELINDUS,Excel Industries Limited
871,MONTECARLO,Monte Carlo Fashions Limited
872,BANCOINDIA,Banco Products (I) Limited
873,ALICON,Alicon Castalloy Limited
874,RIIL,Reliance Industrial Infrastructure Limited
875,IMFA,Indian Metals & Ferro Alloys Limited
876,TTKHLTCARE,TTK Healthcare Limited
877,MPSLTD,MPS Limited
878,OAL,Oriental Aromatics Limited
879,SANGHVIMOV,Sanghvi Movers Limited
880,MANALIPETC,Manali Petrochemicals Limited
881,RPGLIFE,RPG Life Sciences Limited
882,ASHIANA,Ashiana Housing Limited
883,INOXGREEN,Inox Green Energy Services Limited
884,RAMASTEEL,Rama Steel Tubes Limited
885,GMRP&UI,GMR Power and Urban Infra Limited
886,TCPLPACK,TCPL Packaging Limited
887,RAMCOIND,Ramco Industries Limited
888,PUNJABCHEM,Punjab Chemicals & Crop Protection Limited
889,WHEELS,Wheels India Limited
890,BBL,Bharat Bijlee Limited
891,SEPC,SEPC Limited
892,INEOSSTYRO,INEOS Styrolution India Limited
893,SASKEN,Sasken Technologies Limited
894,APTECHT,Aptech Limited
895,SANDHAR,Sandhar Technologies Limited
896,BHAGCHEM,Bhagiradha Chemicals & Industries Limited
897,OMAXE,Omaxe Limited
898,DBOL,Dhampur Bio Organics Limited
899,KDDL,KDDL Limited
900,RPSGVENT,RPSG VENTURES LIMITED
901,SATIA,Satia Industries Limited
902,GULPOLY,Gulshan Polyols Limited
903,ORIENTHOT,Oriental Hotels Limited
904,MATRIMONY,Matrimony.Com Limited
905,SKIPPER,Skipper Limited
906,SAKSOFT,Saksoft Limited
907,SURYODAY,Suryoday Small Finance Bank Limited
908,TAJGVK,Taj GVK Hotels & Resorts Limited
909,RANEHOLDIN,Rane Holdings Limited
910,EIHAHOTELS,EIH Associated Hotels Limited
911,KITEX,Kitex Garments Limited
912,INFOBEAN,InfoBeans Technologies Limited
913,DPSCLTD,DPSC Limited
914,KUANTUM,Kuantum Papers Limited
915,KRISHANA,Krishana Phoschem Limited
916,SHRIRAMPPS,Shriram Properties Limited
917,IGARASHI,Igarashi Motors India Limited
918,CARYSIL,CARYSIL LIMITED
919,MADRASFERT,Madras Fertilizers Limited
920,PRECWIRE,Precision Wires India Limited
921,GIPCL,Gujarat Industries Power Company Limited
922,THEMISMED,Themis Medicare Limited
923,TARC,TARC Limited
924,VSSL,Vardhman Special Steels Limited
925,SATIN,Satin Creditcare Network Limited
926,FOSECOIND,Foseco India Limited
927,EVERESTIND,Everest Industries Limited
928,EXPLEOSOL,Expleo Solutions Limited
929,BAJAJHCARE,Bajaj Healthcare Limited
930,ARMANFIN,Arman Financial Services Limited
931,MANORAMA,Manorama Industries Limited
932,STEELXIND,STEEL EXCHANGE INDIA LIMITED
933,THEJO,Thejo Engineering Limited
934,PARAGMILK,Parag Milk Foods Limited
935,XPROINDIA,Xpro India Limited
936,POKARNA,Pokarna Limited
937,PIXTRANS,Pix Transmissions Limited
938,ROSSELLIND,Rossell India Limited
939,NSIL,Nalwa Sons Investments Limited
940,UGARSUGAR,The Ugar Sugar Works Limited
941,ADORWELD,Ador Welding Limited
942,PNBGILTS,PNB Gilts Limited
943,GICHSGFIN,GIC Housing Finance Limited
944,GMBREW,GM Breweries Limited
945,NITINSPIN,Nitin Spinners Limited
946,AXISCADES,AXISCADES Technologies Limited
947,EKC,Everest Kanto Cylinder Limited
948,GEOJITFSL,Geojit Financial Services Limited
949,ELIN,Elin Electronics Limited
950,RICOAUTO,Rico Auto Industries Limited
951,SHIVALIK,Shivalik Rasayan Limited
952,BFINVEST,BF Investment Limited
953,AJMERA,Ajmera Realty & Infra India Limited
954,UTTAMSUGAR,Uttam Sugar Mills Limited
955,AVADHSUGAR,Avadh Sugar & Energy Limited
956,SANGAMIND,Sangam (India) Limited
957,CHEMCON,Chemcon Speciality Chemicals Limited
958,ESTER,Ester Industries Limited
959,DREDGECORP,Dredging Corporation of India Limited
960,SPECIALITY,Speciality Restaurants Limited
961,MONARCH,Monarch Networth Capital Limited
962,UGROCAP,Ugro Capital Limited
963,MARATHON,Marathon Nextgen Realty Limited
964,CENTRUM,Centrum Capital Limited
965,MEDICAMEQ,Medicamen Biotech Limited
966,IWEL,Inox Wind Energy Limited
967,MANGCHEFER,Mangalore Chemicals & Fertilizers Limited
968,CAPACITE,Capacit'e Infraprojects Limited
969,PITTIENG,Pitti Engineering Limited
970,SHREDIGCEM,Shree Digvijay Cement Co.Ltd
971,PFS,PTC India Financial Services Limited
972,NUCLEUS,Nucleus Software Exports Limited
973,BIGBLOC,Bigbloc Construction Limited
974,ARTEMISMED,Artemis Medicare Services Limited
975,SUTLEJTEX,Sutlej Textiles and Industries Limited
976,NAHARSPING,Nahar Spinning Mills Limited
977,COFFEEDAY,Coffee Day Enterprises Limited
978,HITECH,Hi-Tech Pipes Limited
979,GOODLUCK,Goodluck India Limited
980,CLOUD,Varanium Cloud Limited
981,JASH,Jash Engineering Limited
982,BODALCHEM,Bodal Chemicals Limited
983,SMLISUZU,SML Isuzu Limited
984,AXITA,Axita Cotton Limited
985,PRAKASH,Prakash Industries Limited
986,PATELENG,Patel Engineering Limited
987,JAGSNPHARM,Jagsonpal Pharmaceuticals Limited
988,STERTOOLS,Sterling Tools Limited
989,VIMTALABS,Vimta Labs Limited
990,KAMDHENU,Kamdhenu Limited
991,ONMOBILE,OnMobile Global Limited
992,AHL,Abans Holdings Limited
993,UNIVCABLES,Universal Cables Limited
994,NAVKARCORP,Navkar Corporation Limited
995,NGLFINE,NGL Fine-Chem Limited
996,SHALPAINTS,Shalimar Paints Limited
997,IFGLEXPOR,IFGL Refractories Limited
998,5PAISA,5Paisa Capital Limited
999,PRECAM,Precision Camshafts Limited
1000,SPORTKING,Sportking India Limited
1001,GEPIL,GE Power India Limited
1002,MKPL,M K Proteins Limited
1003,SANDESH,The Sandesh Limited
1004,VHL,Vardhman Holdings Limited
1005,ZEEMEDIA,Zee Media Corporation Limited
1006,QUICKHEAL,Quick Heal Technologies Limited
1007,RGL,Renaissance Global Limited
1008,CENTUM,Centum Electronics Limited
1009,STEELCAS,Steelcast Limited
1010,ARIHANTSUP,Arihant Superstructures Limited
1011,UNIENTER,Uniphos Enterprises Limited
1012,HARIOMPIPE,Hariom Pipe Industries Limited
1013,CENTENKA,Century Enka Limited
1014,VINYLINDIA,Vinyl Chemicals (India) Limited
1015,IMPAL,India Motor Parts and Accessories Limited
1016,INDNIPPON,India Nippon Electricals Limited
1017,DEEPINDS,Deep Industries Limited
1018,AGARIND,Agarwal Industrial Corporation Limited
1019,GANESHBE,Ganesh Benzoplast Limited
1020,SASTASUNDR,Sastasundar Ventures Limited
1021,LIKHITHA,Likhitha Infrastructure Limited
1022,PGIL,Pearl Global Industries Limited
1023,RUSHIL,Rushil Decor Limited
1024,SRHHYPOLTD,Sree Rayalaseema Hi-Strength Hypo Limited
1025,HEXATRADEX,Hexa Tradex Limited
1026,ORIENTPPR,Orient Paper & Industries Limited
1027,ASHAPURMIN,Ashapura Minechem Limited
1028,PANACEABIO,Panacea Biotec Limited
1029,RSWM,RSWM Limited
1030,AWHCL,Antony Waste Handling Cell Limited
1031,RADIOCITY,Music Broadcast Limited
1032,NELCAST,Nelcast Limited
1033,EMAMIPAP,Emami Paper Mills Limited
1034,AMBIKCO,Ambika Cotton Mills Limited
1035,ANUP,The Anup Engineering Limited
1036,KOKUYOCMLN,Kokuyo Camlin Limited
1037,JINDRILL,Jindal Drilling And Industries Limited
1038,SDBL,Som Distilleries & Breweries Limited
1039,SPAL,S. P. Apparels Limited
1040,CLNINDIA,Clariant Chemicals (India) Limited
1041,DVL,Dhunseri Ventures Limited
1042,SIGACHI,Sigachi Industries Limited
1043,SYNCOMF,Syncom Formulations (India) Limited
1044,KICL,Kalyani Investment Company Limited
1045,MANGLMCEM,Mangalam Cement Limited
1046,TNPETRO,Tamilnadu PetroProducts Limited
1047,JYOTISTRUC,Jyoti Structures Limited
1048,HIMATSEIDE,Himatsingka Seide Limited
1049,GREENPOWER,Orient Green Power Company Limited
1050,JETAIRWAYS,Jet Airways (India) Limited
1051,SMCGLOBAL,SMC Global Securities Limited
1052,TRACXN,Tracxn Technologies Limited
1053,NCLIND,NCL Industries Limited
1054,JAIBALAJI,Jai Balaji Industries Limited
1055,APCL,Anjani Portland Cement Limited
1056,DLINKINDIA,D-Link (India) Limited
1057,AURIONPRO,Aurionpro Solutions Limited
1058,RAMCOSYS,Ramco Systems Limited
1059,HLVLTD,HLV LIMITED
1060,ALLSEC,Allsec Technologies Limited
1061,OCCL,Oriental Carbon & Chemicals Limited
1062,AGSTRA,AGS Transact Technologies Limited
1063,63MOONS,63 moons technologies limited
1064,ASALCBR,Associated Alcohols & Breweries Ltd.
1065,BCLIND,Bcl Industries Limited
1066,APEX,Apex Frozen Foods Limited
1067,ORIENTBELL,Orient Bell Limited
1068,TEXINFRA,Texmaco Infrastructure & Holdings Limited
1069,ZOTA,Zota Health Care LImited
1070,PENIND,Pennar Industries Limited
1071,SATINDLTD,Sat Industries Limited
1072,INDRAMEDCO,Indraprastha Medical Corporation Limited
1073,KHAICHEM,Khaitan Chemicals & Fertilizers Limited
1074,BLISSGVS,Bliss GVS Pharma Limited
1075,INDIANHUME,Indian Hume Pipe Company Limited
1076,SHAKTIPUMP,Shakti Pumps (India) Limited
1077,XCHANGING,Xchanging Solutions Limited
1078,VISAKAIND,Visaka Industries Limited
1079,TFCILTD,Tourism Finance Corporation of India Limited
1080,TRIL,Transformers And Rectifiers (India) Limited
1081,RAMRAT,Ram Ratna Wires Limited
1082,ENIL,Entertainment Network (India) Limited
1083,VASCONEQ,Vascon Engineers Limited
1084,BLKASHYAP,B. L. Kashyap and Sons Limited
1085,ROTO,Roto Pumps Limited
1086,KOPRAN,Kopran Limited
1087,GFLLIMITED,GFL Limited
1088,RAJMET,Rajnandini Metal Limited
1089,ROHLTD,Royal Orchid Hotels Limited
1090,LINCOLN,Lincoln Pharmaceuticals Limited
1091,BHAGERIA,Bhageria Industries Limited
1092,CREATIVE,Creative Newtech Limited
1093,JAYBARMARU,Jay Bharat Maruti Limited
1094,TALBROAUTO,Talbros Automotive Components Limited
1095,SMSPHARMA,SMS Pharmaceuticals Limited
1096,CHEVIOT,Cheviot Company Limited
1097,KANORICHEM,Kanoria Chemicals & Industries Limited
1098,DECCANCE,Deccan Cements Limited
1099,FAZE3Q,Faze Three Limited
1100,ZUARI,Zuari Agro Chemicals Limited
1101,3IINFOLTD,3i Infotech Limited
1102,HPAL,HP Adhesives Limited
1103,BETA,Beta Drugs Limited
1104,BINDALAGRO,Oswal Chemicals & Fertilizers Limited
1105,SUMMITSEC,Summit Securities Limited
1106,HERCULES,Hercules Hoists Limited
1107,CLSEL,Chaman Lal Setia Exports Limited
1108,PARACABLES,Paramount Communications Limited
1109,DMCC,DMCC SPECIALITY CHEMICALS LIMITED
1110,ONWARDTEC,Onward Technologies Limited
1111,DHARMAJ,Dharmaj Crop Guard Limited
1112,BHARATWIRE,Bharat Wire Ropes Limited
1113,ARIHANTCAP,Arihant Capital Markets Limited
1114,RML,Rane (Madras) Limited
1115,SCPL,Sheetal Cool Products Limited
1116,RUBYMILLS,The Ruby Mills Limited
1117,GANDHITUBE,Gandhi Special Tubes Limited
1118,CONTROLPR,Control Print Limited
1119,NRL,Nupur Recyclers Limited
1120,SUKHJITS,Sukhjit Starch & Chemicals Limited
1121,SHREYAS,Shreyas Shipping & Logistics Limited
1122,NAHARPOLY,Nahar Poly Films Limited
1123,ASIANTILES,Asian Granito India Limited
1124,HPL,HPL Electric & Power Limited
1125,DPABHUSHAN,D. P. Abhushan Limited
1126,VIKASLIFE,Vikas Lifecare Limited
1127,INDOAMIN,Indo Amines Limited
1128,DCMSRIND,DCM Shriram Industries Limited
1129,SNOWMAN,Snowman Logistics Limited
1130,YUKEN,Yuken India Limited
1131,DIGISPICE,DiGiSPICE Technologies Limited
1132,ATULAUTO,Atul Auto Limited
1133,REFEX,Refex Industries Limited
1134,LINC,Linc Limited
1135,SCHAND,S Chand And Company Limited
1136,BALAXI,BALAXI PHARMACEUTICALS LIMITED
1137,APOLLO,Apollo Micro Systems Limited
1138,JUBLINDS,Jubilant Industries Limited
1139,FOODSIN,Foods & Inns Limited
1140,SHREEPUSHK,Shree Pushkar Chemicals & Fertilisers Limited
1141,SPENCERS,Spencer's Retail Limited
1142,ASAL,Automotive Stampings and Assemblies Limited
1143,ELDEHSG,Eldeco Housing And Industries Limited
1144,KELLTONTEC,Kellton Tech Solutions Limited
1145,RBL,Rane Brake Lining Limited
1146,CREST,Crest Ventures Limited
1147,DPWIRES,D P Wires Limited
1148,UNIVPHOTO,Universus Photo Imagings Limited
1149,JAYAGROGN,Jayant Agro Organics Limited
1150,NECLIFE,Nectar Lifesciences Limited
1151,WINDLAS,Windlas Biotech Limited
1152,HCL-INSYS,HCL Infosystems Limited
1153,STCINDIA,The State Trading Corporation of India Limited
1154,MENONBE,Menon Bearings Limited
1155,OSWALAGRO,Oswal Agro Mills Limited
1156,MEDICO,Medico Remedies Limited
1157,TVSELECT,TVS Electronics Limited
1158,NAHARCAP,Nahar Capital and Financial Services Limited
1159,UNIDT,United Drilling Tools Limited
1160,VLSFINANCE,VLS Finance Limited
1161,EXXARO,Exxaro Tiles Limited
1162,HARDWYN,Hardwyn India Limited
1163,TBZ,Tribhovandas Bhimji Zaveri Limited
1164,URJA,Urja Global Limited
1165,HTMEDIA,HT Media Limited
1166,SWELECTES,Swelect Energy Systems Limited
1167,IFBAGRO,IFB Agro Industries Limited
1168,KSOLVES,Ksolves India Limited
1169,DHANBANK,Dhanlaxmi Bank Limited
1170,NRAIL,N R Agarwal Industries Limited
1171,ADSL,Allied Digital Services Limited
1172,NURECA,Nureca Limited
1173,CSLFINANCE,CSL Finance Limited
1174,RAMAPHO,Rama Phosphates Limited
1175,HITECHGEAR,The Hi-Tech Gears Limited
1176,REPRO,Repro India Limited
1177,SREEL,Sreeleathers Limited
1178,MANAKSIA,Manaksia Limited
1179,BBTCL,B&B Triplewall Containers Limited
1180,MUNJALAU,Munjal Auto Industries Limited
1181,AARTISURF,Aarti Surfactants Limited
1182,GOACARBON,Goa Carbon Limited
1183,GENUSPAPER,Genus Paper & Boards Limited
1184,PROZONINTU,Prozone Intu Properties Limited
1185,INNOVANA,Innovana Thinklabs Limited
1186,KRISHIVAL,Empyrean Cashews Limited
1187,ZIMLAB,Zim Laboratories Limited
1188,GVKPIL,GVK Power & Infrastructure Limited
1189,JPOLYINVST,Jindal Poly Investment and Finance Company Limited
1190,UNITECH,Unitech Limited
1191,FCSSOFT,FCS Software Solutions Limited
1192,SHYAMCENT,Shyam Century Ferrous Limited
1193,EQUIPPP,Equippp Social Impact Technologies Limited
1194,MANINDS,Man Industries (India) Limited
1195,PLASTIBLEN,Plastiblends India Limited
1196,LIBERTSHOE,Liberty Shoes Limited
1197,CONSOFINVT,Consolidated Finvest & Holdings Limited
1198,MAGADSUGAR,Magadh Sugar & Energy Limited
1199,SHEMAROO,Shemaroo Entertainment Limited
1200,BALAJITELE,Balaji Telefilms Limited
1201,PDMJEPAPER,Pudumjee Paper Products Limited
1202,THEINVEST,The Investment Trust Of India Limited
1203,PREMEXPLN,Premier Explosives Limited
1204,DONEAR,Donear Industries Limited
1205,HINDCOMPOS,Hindustan Composites Limited
1206,DSSL,Dynacons Systems & Solutions Limited
1207,MAXIND,Max India Limited
1208,GSS,GSS Infotech Limited
1209,MUTHOOTCAP,Muthoot Capital Services Limited
1210,VARDHACRLC,Vardhman Acrylics Limited
1211,ZUARIIND,ZUARI INDUSTRIES LIMITED
1212,NAHARINDUS,Nahar Industrial Enterprises Limited
1213,MANORG,Mangalam Organics Limited
1214,MIRCELECTR,MIRC Electronics Limited
1215,SILVERTUC,Silver Touch Technologies Limited
1216,INDOBORAX,Indo Borax & Chemicals Limited
1217,ORBTEXP,Orbit Exports Limited
1218,DELPHIFX,DELPHI WORLD MONEY LIMITED
1219,KOTHARIPRO,Kothari Products Limited
1220,MALLCOM,Mallcom (India) Limited
1221,KECL,Kirloskar Electric Company Limited
1222,KHADIM,Khadim India Limited
1223,PTL,PTL Enterprises Limited
1224,DEEPENR,DEEP ENERGY RESOURCES LIMITED
1225,GLOBAL,Global Education Limited
1226,NXTDIGITAL,NXTDIGITAL LIMITED
1227,BGRENERGY,BGR Energy Systems Limited
1228,KRITI,Kriti Industries (India) Limited
1229,KAYA,Kaya Limited
1230,PONNIERODE,Ponni Sugars (Erode) Limited
1231,ORICONENT,Oricon Enterprises Limited
1232,SAKAR,Sakar Healthcare Limited
1233,DYCL,Dynamic Cables Limited
1234,PARSVNATH,Parsvnath Developers Limited
1235,IRISDOREME,Iris Clothings Limited
1236,BIRLACABLE,Birla Cable Limited
1237,INDSWFTLAB,Ind-Swift Laboratories Limited
1238,RANASUG,Rana Sugars Limited
1239,SECL,Salasar Exteriors and Contour Limited
1240,MGEL,Mangalam Global Enterprise Limited
1241,DHUNINV,Dhunseri Investments Limited
1242,HMVL,Hindustan Media Ventures Limited
1243,WEALTH,Wealth First Portfolio Managers Limited
1244,BANSWRAS,Banswara Syntex Limited
1245,KOTHARIPET,Kothari Petrochemicals Limited
1246,MUNJALSHOW,Munjal Showa Limited
1247,VIPCLOTHNG,VIP Clothing Limited
1248,SAKUMA,Sakuma Exports Limited
1249,CLEDUCATE,CL Educate Limited
1250,MOLDTECH,Mold-Tek Technologies Limited
1251,CHEMFAB,Chemfab Alkalis Limited
1252,ICEMAKE,Ice Make Refrigeration Limited
1253,NBIFIN,N. B. I. Industrial Finance Company Limited
1254,MARINE,Marine Electricals (India) Limited
1255,EIFFL,Euro India Fresh Foods Limited
1256,RITCO,Ritco Logistics Limited
1257,SALZERELEC,Salzer Electronics Limited
1258,OMINFRAL,OM INFRA LIMITED
1259,PPL,Prakash Pipes Limited
1260,MAWANASUG,Mawana Sugars Limited
1261,GOKUL,Gokul Refoils and Solvent Limited
1262,HITECHCORP,Hitech Corporation Limited
1263,KERNEX,Kernex Microsystems (India) Limited
1264,AYMSYNTEX,AYM Syntex Limited
1265,4THDIM,Fourth Dimension Solutions Limited
1266,ADVANIHOTR,Advani Hotels & Resorts (India) Limited
1267,MSPL,MSP Steel & Power Limited
1268,FROG,Frog Cellsat Limited
1269,CYBERTECH,Cybertech Systems And Software Limited
1270,RUCHIRA,Ruchira Papers Limited
1271,INTLCONV,International Conveyors Limited
1272,KOTARISUG,Kothari Sugars And Chemicals Limited
1273,LYKALABS,Lyka Labs Limited
1274,NDL,Nandan Denim Limited
1275,SKP,SKP Bearing Industries Limited
1276,KCPSUGIND,KCP Sugar and Industries Corporation Limited
1277,HIRECT,Hind Rectifiers Limited
1278,SILINV,SIL Investments Limited
1279,SARLAPOLY,Sarla Performance Fibers Limited
1280,SELAN,Selan Exploration Technology Limited
1281,CUPID,Cupid Limited
1282,PENINLAND,Peninsula Land Limited
1283,COOLCAPS,Cool Caps Industries Limited
1284,SVPGLOB,SVP GLOBAL TEXTILES LIMITED
1285,OSWALSEEDS,ShreeOswal Seeds And Chemicals Limited
1286,KNAGRI,KN Agri Resources Limited
1287,HINDMOTORS,Hindustan Motors Limited
1288,DYNPRO,Dynemic Products Limited
1289,LOYALTEX,Loyal Textile Mills Limited
1290,RADHIKAJWE,Radhika Jeweltech Limited
1291,JINDALPHOT,Jindal Photo Limited
1292,AURUM,Aurum PropTech Limited
1293,V2RETAIL,V2 Retail Limited
1294,DICIND,DIC India Limited
1295,UFO,UFO Moviez India Limited
1296,SHIVAMAUTO,Shivam Autotech Limited
1297,MINDTECK,Mindteck (India) Limited
1298,NDRAUTO,Ndr Auto Components Limited
1299,TAKE,Take Solutions Limited
1300,SKMEGGPROD,SKM Egg Products Export (India) Limited
1301,VISHWARAJ,Vishwaraj Sugar Industries Limited
1302,FOCE,Foce India Limited
1303,WEBELSOLAR,Websol Energy System Limited
1304,DENORA,De Nora India Limited
1305,ORIENTABRA,Orient Abrasives Limited
1306,HUBTOWN,Hubtown Limited
1307,CINELINE,Cineline India Limited
1308,PPAP,PPAP Automotive Limited
1309,SERVOTECH,Servotech Power Systems Limited
1310,MACPOWER,Macpower CNC Machines Limited
1311,BIRLAMONEY,Aditya Birla Money Limited
1312,BASML,Bannari Amman Spinning Mills Limited
1313,REVATHI,Revathi Equipment Limited
1314,GSCLCEMENT,Gujarat Sidhee Cement Limited
1315,INDOTHAI,Indo Thai Securities Limited
1316,DUCON,Ducon Infratechnologies Limited
1317,SOUTHWEST,South West Pinnacle Exploration Limited
1318,BRNL,Bharat Road Network Limited
1319,DUGLOBAL,DUDIGITAL GLOBAL LIMITED
1320,SIMPLEXINF,Simplex Infrastructures Limited
1321,GKWLIMITED,GKW Limited
1322,FOCUS,Focus Lighting and Fixtures Limited
1323,WEL,Wonder Fibromats Limited
1324,ASHIMASYN,Ashima Limited
1325,VIKASECO,Vikas EcoTech Limited
1326,CHEMBOND,Chembond Chemicals Ltd
1327,APOLSINHOT,Apollo Sindoori Hotels Limited
1328,JSLL,Jeena Sikho Lifecare Limited
1329,SBC,SBC Exports Limited
1330,ALBERTDAVD,Albert David Limited
1331,20MICRONS,20 Microns Limited
1332,KOTYARK,Kotyark Industries Limited
1333,MMP,MMP Industries Limited
1334,QMSMEDI,QMS Medical Allied Services Limited
1335,PRIMESECU,Prime Securities Limited
1336,MEP,MEP Infrastructure Developers Limited
1337,EMKAYTOOLS,Emkay Taps and Cutting Tools Limited
1338,GPTINFRA,GPT Infraprojects Limited
1339,ESSENTIA,Integra Essentia Limited
1340,GEECEE,GeeCee Ventures Limited
1341,SAKHTISUG,Sakthi Sugars Limited
1342,WALCHANNAG,Walchandnagar Industries Limited
1343,BPL,BPL Limited
1344,MCLEODRUSS,Mcleod Russel India Limited
1345,ASAHISONG,Asahi Songwon Colors Limited
1346,BCONCEPTS,Brand Concepts Limited
1347,JITFINFRA,JITF Infralogistics Limited
1348,NATHBIOGEN,Nath Bio-Genes (India) Limited
1349,VITAL,Vital Chemtech Limited
1350,AUTOIND,Autoline Industries Limited
1351,IEL,Indiabulls Enterprises Limited
1352,DCMNVL,DCM Nouvelle Limited
1353,EMAMIREAL,Emami Realty Limited
1354,PASUPTAC,Pasupati Acrylon Limited
1355,NIPPOBATRY,Indo-National Limited
1356,FCONSUMER,Future Consumer Limited
1357,ONEPOINT,One Point One Solutions Limited
1358,STEL,Stel Holdings Limited
1359,MAHEPC,Mahindra EPC Irrigation Limited
1360,STARPAPER,Star Paper Mills Limited
1361,WINDMACHIN,Windsor Machines Limited
1362,TRIGYN,Trigyn Technologies Limited
1363,KMSUGAR,K.M.Sugar Mills Limited
1364,DANGEE,Dangee Dums Limited
1365,VERTOZ,Vertoz Advertising Limited
1366,RAJTV,Raj Television Network Limited
1367,PODDARMENT,Poddar Pigments Limited
1368,LGBFORGE,LGB Forge Limited
1369,DEVIT,Dev Information Technology Limited
1370,ABAN,Aban Offshore Limited
1371,INDTERRAIN,Indian Terrain Fashions Limited
1372,EUROBOND,Euro Panel Products Limited
1373,GINNIFILA,Ginni Filaments Limited
1374,MHLXMIRU,Mahalaxmi Rubtech Limited
1375,UCALFUEL,Ucal Fuel Systems Limited
1376,EROSMEDIA,Eros International Media Limited
1377,OSIAHYPER,Osia Hyper Retail Limited
1378,SINTERCOM,Sintercom India Limited
1379,ASIANENE,Asian Energy Services Limited
1380,E2E,E2E Networks Limited
1381,COASTCORP,Coastal Corporation Limited
1382,BMETRICS,Bombay Metrics Supply Chain Limited
1383,GRPLTD,GRP Limited
1384,GOYALALUM,Goyal Aluminiums Limited
1385,MAZDA,Mazda Limited
1386,JAYSREETEA,Jayshree Tea & Industries Limited
1387,ARROWGREEN,Arrow Greentech Limited
1388,SADBHAV,Sadbhav Engineering Limited
1389,BROOKS,Brooks Laboratories Limited
1390,PAVNAIND,Pavna Industries Limited
1391,ARIES,Aries Agro Limited
1392,NILAINFRA,Nila Infrastructures Limited
1393,SOLEX,Solex Energy Limited
1394,SHIVAUM,Shiv Aum Steels Limited
1395,MWL,Mangalam Worldwide Limited
1396,MARALOVER,Maral Overseas Limited
1397,AARVI,Aarvi Encon Limited
1398,AHLEAST,Asian Hotels (East) Limited
1399,TOTAL,Total Transport Systems Limited
1400,ACCURACY,Accuracy Shipping Limited
1401,USASEEDS,Upsurge Seeds Of Agriculture Limited
1402,HARRMALAYA,Harrisons  Malayalam Limited
1403,BIL,Bhartiya International Limited
1404,PVP,PVP Ventures Limited
1405,CAREERP,Career Point Limited
1406,TPLPLASTEH,TPL Plastech Limited
1407,SEJALLTD,Sejal Glass Limited
1408,KRITINUT,Kriti Nutrients Limited
1409,ZODIACLOTH,Zodiac Clothing Company Limited
1410,PIONDIST,Pioneer Distilleries Limited
1411,DTIL,Dhunseri Tea & Industries Limited
1412,KILITCH,Kilitch Drugs (India) Limited
1413,VENUSREM,Venus Remedies Limited
1414,KORE,Jay Jalaram Technologies Limited
1415,MEGASOFT,Megasoft Limited
1416,UNITEDPOLY,United Polyfab Gujarat Limited
1417,REPL,Rudrabhishek Enterprises Limited
1418,BAFNAPH,Bafna Pharmaceuticals Limited
1419,SWASTIK,Swastik Pipe Limited
1420,INSPIRISYS,Inspirisys Solutions Limited
1421,KREBSBIO,Krebs Biochemicals and Industries Limited
1422,PHANTOMFX,Phantom Digital Effects Limited
1423,GUJAPOLLO,Gujarat Apollo Industries Limited
1424,KAMATHOTEL,Kamat Hotels (I) Limited
1425,ANNAPURNA,Annapurna Swadisht Limited
1426,MURUDCERA,Murudeshwar Ceramics Limited
1427,ALLETEC,All E Technologies Limited
1428,IVC,IL&FS Investment Managers Limited
1429,SINTEX,Sintex Industries Limited
1430,ZEELEARN,Zee Learn Limited
1431,HDIL,Housing Development and Infrastructure Limited
1432,MEGASTAR,Megastar Foods Limited
1433,PRECOT,Precot Limited
1434,EIMCOELECO,Eimco Elecon (India) Limited
1435,RAMANEWS,Shree Rama Newsprint Limited
1436,MAANALU,Maan Aluminium Limited
1437,MANAKSTEEL,Manaksia Steels Limited
1438,GIRRESORTS,GIR Natureview Resorts Limited
1439,SIL,Standard Industries Limited
1440,SUPERHOUSE,Superhouse Limited
1441,INVENTURE,Inventure Growth & Securities Limited
1442,TIRUPATIFL,Tirupati Forge Limited
1443,GULFPETRO,GP Petroleums Limited
1444,MBLINFRA,MBL Infrastructure Limited
1445,SPLIL,SPL Industries Limited
1446,PRAXIS,Praxis Home Retail Limited
1447,MANGALAM,Mangalam Drugs And Organics Limited
1448,SUULD,Suumaya Industries Limited
1449,SHREYANIND,Shreyans Industries Limited
1450,MODISONLTD,MODISON LIMITED
1451,SARVESHWAR,Sarveshwar Foods Limited
1452,SADBHIN,Sadbhav Infrastructure Project Limited
1453,AKSHARCHEM,AksharChem India Limited
1454,ARSHIYA,Arshiya Limited
1455,BOHRAIND,Bohra Industries Limited
1456,SIGMA,Sigma Solve Limited
1457,VETO,Veto Switchgears And Cables Limited
1458,AIRAN,Airan Limited
1459,VISESHINFO,Visesh Infotecnics Limited
1460,PALREDTEC,Palred Technologies Limited
1461,VIPULLTD,Vipul Limited
1462,SECURKLOUD,SECUREKLOUD TECHNOLOGIES LIMITED
1463,KOHINOOR,Kohinoor Foods Limited
1464,PREMIERPOL,Premier Polyfilm Limited
1465,ESSARSHPNG,Essar Shipping Limited
1466,MAHESHWARI,Maheshwari Logistics Limited
1467,TIL,TIL Limited
1468,BSL,BSL Limited
1469,KANPRPLA,Kanpur Plastipack Limited
1470,TIPSFILMS,Tips Films Limited
1471,JAINAM,Jainam Ferro Alloys (I) Limited
1472,ISFT,Intrasoft Technologies Limited
1473,RAJSREESUG,Rajshree Sugars & Chemicals Limited
1474,RPPL,Rajshree Polypack Limited
1475,FLFL,Future Lifestyle Fashions Limited
1476,LOVABLE,Lovable Lingerie Limited
1477,NITCO,Nitco Limited
1478,BHARATGEAR,Bharat Gears Limited
1479,PILITA,PIL ITALICA LIFESTYLE LIMITED
1480,BEDMUTHA,Bedmutha Industries Limited
1481,EMKAY,Emkay Global Financial Services Limited
1482,RNAVAL,Reliance Naval and Engineering Limited
1483,INDOTECH,Indo Tech Transformers Limited
1484,RUCHINFRA,Ruchi Infrastructure Limited
1485,XELPMOC,Xelpmoc Design And Tech Limited
1486,SGIL,Synergy Green Industries Limited
1487,MADHAVBAUG,Vaidya Sane Ayurved Laboratories Limited
1488,SMSLIFE,SMS Lifesciences India Limited
1489,TRF,TRF Limited
1490,LOKESHMACH,Lokesh Machines Limited
1491,SMLT,Sarthak Metals Limited
1492,IL&FSENGG,IL&FS Engineering and Construction Company Limited
1493,PAR,Par Drugs And Chemicals Limited
1494,IITL,Industrial Investment Trust Limited
1495,MAHAPEXLTD,Maha Rashtra Apex Corporation Limited
1496,TTL,T T Limited
1497,ALMONDZ,Almondz Global Securities Limited
1498,ASPINWALL,Aspinwall and Company Limited
1499,ELGIRUBCO,Elgi Rubber Company Limited
1500,PRITI,Priti International Limited
1501,MODIRUBBER,Modi Rubber Limited
1502,KRISHNADEF,Krishna Defence and Allied Industries Limited
1503,VISASTEEL,Visa Steel Limited
1504,PASHUPATI,Pashupati Cotspin Limited
1505,A2ZINFRA,A2Z Infra Engineering Limited
1506,SPTL,Sintex Plastics Technology Limited
1507,WORTH,Worth Peripherals Limited
1508,AARON,Aaron Industries Limited
1509,COMPINFO,Compuage Infocom Limited
1510,TIRUPATI,Shree Tirupati Balajee FIBC Limited
1511,SIKKO,Sikko Industries Limited
1512,EMMBI,Emmbi Industries Limited
1513,ANMOL,Anmol India Limited
1514,JOCIL,Jocil Limited
1515,BYKE,The Byke Hospitality Ltd
1516,ALPHAGEO,Alphageo (India) Limited
1517,KBCGLOBAL,KBC Global Limited
1518,ZODIAC,Zodiac Energy Limited
1519,CEREBRAINT,Cerebra Integrated Technologies Limited
1520,TEXMOPIPES,Texmo Pipes and Products Limited
1521,GOLDSTAR,Goldstar Power Limited
1522,RHFL,Reliance Home Finance Limited
1523,ARTNIRMAN,Art Nirman Limited
1524,DJML,DJ Mediaprint & Logistics Limited
1525,GOLDTECH,Goldstone Technologies Limited
1526,GAYAPROJ,Gayatri Projects Limited
1527,GILLANDERS,Gillanders Arbuthnot & Company Limited
1528,OBCL,Orissa Bengal Carrier Limited
1529,BEWLTD,BEW Engineering Limited
1530,WEIZMANIND,Weizmann Limited
1531,AKSHOPTFBR,Aksh Optifibre Limited
1532,UMAEXPORTS,Uma Exports Limited
1533,WANBURY,Wanbury Limited
1534,YAARI,Yaari Digital Integrated Services Limited
1535,COMPUSOFT,Compucom Software Limited
1536,ASCOM,Ascom Leasing & Investments Limited
1537,LOTUSEYE,Lotus Eye Hospital and Institute Limited
1538,KAKATCEM,Kakatiya Cement Sugar & Industries Limited
1539,SHIVATEX,Shiva Texyarn Limited
1540,ASIANHOTNR,Asian Hotels (North) Limited
1541,JMA,Jullundur Motor Agency (Delhi) Limited
1542,RANEENGINE,Rane Engine Valve Limited
1543,DCI,Dc Infotech And Communication Limited
1544,SETCO,Setco Automotive Limited
1545,INTENTECH,Intense Technologies Limited
1546,RVHL,Ravinder Heights Limited
1547,3RDROCK,3rd Rock Multimedia Limited
1548,ALANKIT,Alankit Limited
1549,ASTRON,Astron Paper & Board Mill Limited
1550,DCM,DCM  Limited
1551,INDOWIND,Indowind Energy Limited
1552,AKSHAR,Akshar Spintex Limited
1553,URAVI,Uravi T and Wedge Lamps Limited
1554,RPPINFRA,R.P.P. Infra Projects Limited
1555,SURANAT&P,Surana Telecom and Power Limited
1556,BALLARPUR,Ballarpur Industries Limited
1557,SITINET,Siti Networks Limited
1558,IRIS,Iris Business Services Limited
1559,SVLL,Shree Vasu Logistics Limited
1560,AVROIND,AVRO INDIA LIMITED
1561,SOFTTECH,Softtech Engineers Limited
1562,VAISHALI,Vaishali Pharma Limited
1563,BTML,Bodhi Tree Multimedia Limited
1564,TEMBO,Tembo Global Industries Limited
1565,NOIDATOLL,Noida Toll Bridge Company Limited
1566,JHS,JHS Svendgaard Laboratories Limited
1567,ARCHIDPLY,Archidply Industries Limited
1568,KSHITIJPOL,Kshitij Polyline Limited
1569,INDBANK,Indbank Merchant Banking Services Limited
1570,BHAGYANGR,Bhagyanagar India Limited
1571,BALPHARMA,Bal Pharma Limited
1572,ARVEE,Arvee Laboratories (India) Limited
1573,VINNY,Vinny Overseas Limited
1574,NPST,Network People Services Technologies Limited
1575,PRITIKAUTO,Pritika Auto Industries Limited
1576,RELCHEMQ,Reliance Chemotex Industries Limited
1577,PROPEQUITY,P. E. Analytics Limited
1578,STARTECK,Starteck Finance Limited
1579,SALONA,Salona Cotspin Limited
1580,MANAKALUCO,Manaksia Aluminium Company Limited
1581,PALASHSECU,Palash Securities Limited
1582,AVG,AVG Logistics Limited
1583,UNITEDTEA,The United Nilgiri Tea Estates Company Limited
1584,SMARTLINK,Smartlink Holdings Limited
1585,LEMERITE,Le Merite Exports Limited
1586,LEXUS,Lexus Granito (India) Limited
1587,NILASPACES,Nila Spaces Limited
1588,SHIGAN,Shigan Quantum Technologies Limited
1589,REMSONSIND,Remsons Industries Limited
1590,PODDARHOUS,Poddar Housing and Development Limited
1591,GENCON,Generic Engineering Construction and Projects Limited
1592,NDGL,Naga Dhunseri Group Limited
1593,LASA,Lasa Supergenerics Limited
1594,NIRAJ,Niraj Cement Structurals Limited
1595,INDIANCARD,Indian Card Clothing Company Limited
1596,UMANGDAIRY,Umang Dairies Limited
1597,CORALFINAC,Coral India Finance & Housing Limited
1598,IL&FSTRANS,IL&FS Transportation Networks Limited
1599,SRPL,Shree Ram Proteins Limited
1600,PANSARI,Pansari Developers Limited
1601,HILTON,Hilton Metal Forging Limited
1602,AHLADA,Ahlada Engineers Limited
1603,ALPA,Alpa Laboratories Limited
1604,ALKALI,Alkali Metals Limited
1605,SUNDARAM,Sundaram Multi Pap Limited
1606,CAPTRUST,Capital Trust Limited
1607,PARIN,Parin Furniture Limited
1608,IVP,IVP Limited
1609,BAHETI,Baheti Recycling Industries Limited
1610,SUNDRMBRAK,Sundaram Brake Linings Limited
1611,SALSTEEL,S.A.L. Steel Limited
1612,SHAHALLOYS,Shah Alloys Limited
1613,AJRINFRA,AJR INFRA AND TOLLING LIMITED
1614,BLBLIMITED,BLB Limited
1615,SPECTRUM,Spectrum Electrical Industries Limited
1616,GTL,GTL Limited
1617,NECCLTD,North Eastern Carrying Corporation Limited
1618,GANGESSECU,Ganges Securities Limited
1619,AIROLAM,Airo Lam limited
1620,ATLANTA,Atlanta  Limited
1621,CCHHL,Country Club Hospitality & Holidays Limited
1622,SPMLINFRA,SPML Infra Limited
1623,NGIL,Nakoda Group of Industries Limited
1624,SECURCRED,SecUR Credentials Limited
1625,KAPSTON,Kapston Services Limited
1626,MUKTAARTS,Mukta Arts Limited
1627,AKG,Akg Exim Limited
1628,GOLDENTOBC,Golden Tobacco Limited
1629,OMAXAUTO,Omax Autos Limited
1630,MANAKCOAT,Manaksia Coated Metals & Industries Limited
1631,DAMODARIND,Damodar Industries Limited
1632,MAHASTEEL,Mahamaya Steel Industries Limited
1633,MRO-TEK,MRO-TEK Realty Limited
1634,GAL,Gyscoal Alloys Limited
1635,SIMBHALS,Simbhaoli Sugars Limited
1636,AMDIND,AMD Industries Limited
1637,VMARCIND,V Marc India Limited
1638,FSC,Future Supply Chain Solutions Limited
1639,PIONEEREMB,Pioneer Embroideries Limited
1640,CTE,Cambridge Technology Enterprises Limited
1641,LPDC,Landmark Property Development Company Limited
1642,SURYALAXMI,Suryalakshmi Cotton Mills Limited
1643,KRITIKA,Kritika Wires Limited
1644,AMJLAND,Amj Land Holdings Limited
1645,SIGIND,Signet Industries Limited
1646,DRSDILIP,DRS Dilip Roadlines Limited
1647,SURANASOL,Surana Solar Limited
1648,ATALREAL,Atal Realtech Limited
1649,LAGNAM,Lagnam Spintex Limited
1650,LAMBODHARA,Lambodhara Textiles Limited
1651,TARMAT,Tarmat Limited
1652,PRAENG,Prajay Engineers Syndicate Limited
1653,MOTOGENFIN,The Motor & General Finance Limited
1654,UNIVASTU,Univastu India Limited
1655,JAIPURKURT,Nandani Creation Limited
1656,FIBERWEB,Fiberweb (India) Limited
1657,SUVIDHAA,Suvidhaa Infoserve Limited
1658,ANIKINDS,Anik Industries Limited
1659,RKEC,RKEC Projects Limited
1660,TAINWALCHM,Tainwala Chemical and Plastic (I) Limited
1661,DIL,Debock Industries Limited
1662,INCREDIBLE,INCREDIBLE INDUSTRIES LIMITED
1663,PARTYCRUS,Party Cruisers Limited
1664,TOUCHWOOD,Touchwood Entertainment Limited
1665,WELINV,Welspun Investments and Commercials Limited
1666,GROBTEA,The Grob Tea Company Limited
1667,AUSOMENT,Ausom Enterprise Limited
1668,BAGFILMS,B.A.G Films and Media Limited
1669,SONAMCLOCK,Sonam Clock Limited
1670,HPIL,Hindprakash Industries Limited
1671,IZMO,IZMO Limited
1672,PRESSMN,Pressman Advertising Limited
1673,AAREYDRUGS,Aarey Drugs & Pharmaceuticals Limited
1674,SHRENIK,Shrenik Limited
1675,TOKYOPLAST,Tokyo Plast International Limited
1676,LLOYDS,Lloyds Luxuries Limited
1677,SUMIT,Sumit Woods Limited
1678,STEELCITY,Steel City Securities Limited
1679,DGCONTENT,Digicontent Limited
1680,CELEBRITY,Celebrity Fashions Limited
1681,BEARDSELL,Beardsell Limited
1682,HINDCON,Hindcon Chemicals Limited
1683,KANANIIND,Kanani Industries Limited
1684,ENERGYDEV,Energy Development Company Limited
1685,PROLIFE,Prolife Industries Limited
1686,VIVIMEDLAB,Vivimed Labs Limited
1687,FIDEL,Fidel Softech Limited
1688,AGROPHOS,Agro Phos India Limited
1689,KALYANIFRG,Kalyani Forge Limited
1690,ROML,Raj Oil Mills Limited
1691,BIOFILCHEM,Biofil Chemicals & Pharmaceuticals Limited
1692,ELECTHERM,Electrotherm (India) Limited
1693,AURDIS,Aurangabad Distillery Limited
1694,PATINTLOG,Patel Integrated Logistics Limited
1695,PRAKASHSTL,Prakash Steelage Limited
1696,GICL,Globe International Carriers Limited
1697,DOLLEX,Dollex Agrotech Limited
1698,BHANDARI,Bhandari Hosiery Exports Limited
1699,ARCHIES,Archies Limited
1700,TARACHAND,Tara Chand InfraLogistic Solutions Limited
1701,MITCON,MITCON Consultancy & Engineering Services Limited
1702,DBSTOCKBRO,DB (International) Stock Brokers Limited
1703,MCL,Madhav Copper Limited
1704,SHIVAMILLS,Shiva Mills Limited
1705,MORARJEE,Morarjee Textiles Limited
1706,DHRUV,Dhruv Consultancy Services Limited
1707,ANKITMETAL,Ankit Metal & Power Limited
1708,CORDSCABLE,Cords Cable Industries Limited
1709,MHHL,Mohini Health & Hygiene Limited
1710,TREJHARA,TREJHARA SOLUTIONS LIMITED
1711,BANKA,Banka BioLoo Limited
1712,OILCOUNTUB,Oil Country Tubular Limited
1713,DELTAMAGNT,Delta Manufacturing Limited
1714,ARIHANTACA,Arihant Academy Limited
1715,GSTL,Globesecure Technologies Limited
1716,CENTEXT,Century Extrusions Limited
1717,WIPL,The Western India Plywoods Limited
1718,SHREERAMA,Shree Rama Multi-Tech Limited
1719,FLEXITUFF,Flexituff Ventures International Limited
1720,GEEKAYWIRE,Geekay Wires Limited
1721,NITIRAJ,Nitiraj Engineers Limited
1722,PKTEA,The Peria Karamalai Tea & Produce Company Limited
1723,EXCEL,Excel Realty N Infra Limited
1724,AAATECH,AAA Technologies Limited
1725,ZENITHSTL,Zenith Steel Pipes & Industries Limited
1726,TREEHOUSE,Tree House Education & Accessories Limited
1727,KEYFINSERV,Keynote Financial Services Limited
1728,SAMBHAAV,Sambhaav Media Limited
1729,GLOBALVECT,Global Vectra Helicorp Limited
1730,FEL,Future Enterprises Limited
1731,GIRIRAJ,Giriraj Civil Developers Limited
1732,AROGRANITE,Aro Granite Industries Limited
1733,LATTEYS,Latteys Industries Limited
1734,JBFIND,JBF Industries Limited
1735,MAGNUM,Magnum Ventures Limited
1736,AVSL,AVSL Industries Limited
1737,PANACHE,Panache Digilife Limited
1738,HISARMETAL,Hisar Metal Industries Limited
1739,PIGL,Power & Instrumentation (Gujarat) Limited
1740,AAKASH,Aakash Exploration Services Limited
1741,PRECISION,Precision Metaliks Limited
1742,SEPOWER,S.E. Power Limited
1743,UMA,Uma Converter Limited
1744,CMRSL,Cyber Media Research & Services Limited
1745,GLOBE,Globe Textiles (India) Limited
1746,INDSWFTLTD,Ind-Swift Limited
1747,CINEVISTA,Cinevista Limited
1748,ORIENTLTD,Orient Press Limited
1749,REGENCERAM,Regency Ceramics Limited
1750,NIDAN,Nidan Laboratories and Healthcare Limited
1751,ROLTA,Rolta India Limited
1752,MALUPAPER,Malu Paper Mills Limited
1753,SHRADHA,Shradha Infraprojects Limited
1754,MAHICKRA,Mahickra Chemicals Limited
1755,MDL,Marvel Decor Limited
1756,AGRITECH,Agri-Tech (India) Limited
1757,RSSOFTWARE,R. S. Software (India) Limited
1758,MOKSH,Moksh Ornaments Limited
1759,MBECL,Mcnally Bharat Engineering Company Limited
1760,BANG,Bang Overseas Limited
1761,PENTAGOLD,Penta Gold Limited
1762,AJOONI,Ajooni Biotech Limited
1763,HYBRIDFIN,Hybrid Financial Services Limited
1764,IPSL,Integrated Personnel Services Limited
1765,HOVS,HOV Services Limited
1766,ABMINTLLTD,ABM International Limited
1767,HECPROJECT,HEC Infra Projects Limited
1768,VINEETLAB,Vineet Laboratories Limited
1769,BDR,BDR Buildcon Limited
1770,PNC,Pritish Nandy Communications Limited
1771,UJAAS,Ujaas Energy Limited
1772,ARHAM,Arham Technologies Limited
1773,SUPREMEINF,Supreme Infrastructure India Limited
1774,TERASOFT,Tera Software Limited
1775,PULZ,Pulz Electronics Limited
1776,CUBEXTUB,Cubex Tubings Limited
1777,VASWANI,Vaswani Industries Limited
1778,AARVEEDEN,Aarvee Denims & Exports Limited
1779,ACEINTEG,Ace Integrated Solutions Limited
1780,BVCL,Barak Valley Cements Limited
1781,RELIABLE,Reliable Data Services Limited
1782,VIVIANA,Viviana Power Tech Limited
1783,KKVAPOW,KKV Agro Powers Limited
1784,MTEDUCARE,MT Educare Limited
1785,BANARBEADS,Banaras Beads Limited
1786,SUMEETINDS,Sumeet Industries Limited
1787,NIBL,NRB Industrial Bearings Limited
1788,SIDDHIKA,Siddhika Coatings Limited
1789,AKASH,Akash Infra-Projects Limited
1790,SANWARIA,Sanwaria Consumer Limited
1791,LGHL,Laxmi Goldorna House Limited
1792,KHANDSE,Khandwala Securities Limited
1793,ABCOTS,A B Cotspin India Limited
1794,GANGAFORGE,Ganga Forging Limited
1795,WEWIN,WE WIN LIMITED
1796,SUPERSPIN,Super Spinning Mills Limited
1797,SOMICONVEY,Somi Conveyor Beltings Limited
1798,NAGREEKEXP,Nagreeka Exports Limited
1799,TIMESCAN,Timescan Logistics (India) Limited
1800,MANUGRAPH,Manugraph India Limited
1801,AISL,ANI Integrated Services Limited
1802,LIBAS,Libas Consumer Products Limited
1803,SGL,STL Global Limited
1804,TIMESGTY,Times Guaranty Limited
1805,SAGARDEEP,Sagardeep Alloys Limited
1806,JETFREIGHT,Jet Freight Logistics Limited
1807,KHFM,Khfm Hospitality And Facility Management Services Limited
1808,AMBANIORG,Ambani Organics Limited
1809,BURNPUR,Burnpur Cement Limited
1810,VSCL,Vadivarhe Speciality Chemicals Limited
1811,GODHA,Godha Cabcon & Insulation Limited
1812,MRO,M.R. Organisation Limited
1813,NEXTMEDIA,Next Mediaworks Limited
1814,ARSSINFRA,ARSS Infrastructure Projects Limited
1815,DKEGL,D.K. Enterprises Global Limited
1816,PRITIKA,Pritika Engineering Components Limited
1817,ADROITINFO,Adroit Infotech Limited
1818,UCL,Ushanti Colour Chem Limited
1819,PARASPETRO,Paras Petrofils Limited
1820,AGNI,Agni Green Power Limited
1821,ZENITHEXPO,Zenith Exports Limited
1822,VARDMNPOLY,Vardhman Polytex Limited
1823,BALKRISHNA,Balkrishna Paper Mills Limited
1824,MADHUCON,Madhucon Projects Limited
1825,RKDL,Ravi Kumar Distilleries Limited
1826,AMBICAAGAR,Ambica Agarbathies & Aroma industries Limited
1827,SONAHISONA,Sona Hi Sona Jewellers (Gujarat) Limited
1828,DNAMEDIA,Diligent Media Corporation Limited
1829,MEGAFLEX,Mega Flex Plastics Limited
1830,PEARLPOLY,Pearl Polymers Limited
1831,MADHAV,Madhav Marbles and Granites Limited
1832,SWARAJ,Swaraj Suiting Limited
1833,GOENKA,Goenka Diamond and Jewels Limited
1834,ICDSLTD,ICDS Limited
1835,LAXMICOT,Laxmi Cotspin Limited
1836,SANGINITA,Sanginita Chemicals Limited
1837,DHARSUGAR,Dharani Sugars & Chemicals Limited
1838,MARSHALL,Marshall Machines Limited
1839,SHAIVAL,Shaival Reality Limited
1840,HBSL,HB Stockholdings Limited
1841,TGBHOTELS,TGB Banquets And Hotels Limited
1842,JETKNIT,Jet Knitwears Limited
1843,COUNCODOS,Country Condo's Limited
1844,SHUBHLAXMI,Shubhlaxmi Jewel Art Limited
1845,JFLLIFE,Jfl Life Sciences Limited
1846,FELIX,Felix Industries Limited
1847,HEADSUP,Heads UP Ventures Limited
1848,CROWN,Crown Lifters Limited
1849,MINDPOOL,Mindpool Technologies Limited
1850,ADL,Archidply Decor Limited
1851,MILTON,Milton Industries Limited
1852,VIVIDHA,Visagar Polytex Limited
1853,KRIDHANINF,Kridhan Infra Limited
1854,ROLLT,Rollatainers Limited
1855,MERCATOR,Mercator Limited
1856,KEEPLEARN,DSJ Keep Learning Limited
1857,HAVISHA,Sri Havisha Hospitality and Infrastructure Limited
1858,OMKARCHEM,Omkar Speciality Chemicals Limited
1859,LFIC,Lakshmi Finance & Industrial Corporation Limited
1860,UWCSL,Ultra Wiring Connectivity System Limited
1861,NARMADA,Narmada Agrobase Limited
1862,AMEYA,Ameya Precision Engineers Limited
1863,RITEZONE,Rite Zone Chemcon India Limited
1864,LCCINFOTEC,LCC Infotech Limited
1865,CALSOFT,California Software Company Limited
1866,SUPREMEENG,Supreme Engineering Limited
1867,KARMAENG,Karma Energy Limited
1868,SILLYMONKS,Silly Monks Entertainment Limited
1869,FMNL,Future Market Networks Limited
1870,SONUINFRA,Sonu Infratech Limited
1871,EASTSILK,Eastern Silk Industries Limited
1872,SOMATEX,Soma Textiles & Industries Limited
1873,3PLAND,3P Land Holdings Limited
1874,QUADPRO,Quadpro Ites Limited
1875,REXPIPES,Rex Pipes And Cables Industries Limited
1876,CYBERMEDIA,Cyber Media (India) Limited
1877,CADSYS,Cadsys (India) Limited
1878,VCL,Vaxtex Cotfab Limited
1879,EDUCOMP,Educomp Solutions Limited
1880,MOXSH,Moxsh Overseas Educon Limited
1881,WALPAR,Walpar Nutritions Limited
1882,OMFURN,Omfurn India Limited
1883,SUBCAPCITY,International Constructions Limited
1884,CMICABLES,CMI Limited
1885,SILGO,Silgo Retail Limited
1886,INFOMEDIA,Infomedia Press Limited
1887,VIJIFIN,Viji Finance Limited
1888,WILLAMAGOR,Williamson Magor & Company Limited
1889,THOMASCOTT,Thomas Scott (India) Limited
1890,JAKHARIA,JAKHARIA FABRIC LIMITED
1891,VIVO,Vivo Collaboration Solutions Limited
1892,ASLIND,ASL Industries Limited
1893,MPTODAY,Madhya Pradesh Today Media Limited
1894,DYNAMIC,Dynamic Services & Security Limited
1895,ORIENTALTL,Oriental Trimex Limited
1896,NKIND,NK Industries Limited
1897,TFL,Transwarranty Finance Limited
1898,RICHA,Richa Info Systems Limited
1899,NAGREEKCAP,Nagreeka Capital & Infrastructure Limited
1900,AMJUMBO,A and M Jumbo Bags Limited
1901,21STCENMGM,21st Century Management Services Limited
1902,SHANTI,Shanti Overseas (India) Limited
1903,MASKINVEST,Mask Investments Limited
1904,MOHITIND,Mohit Industries Limited
1905,KHAITANLTD,Khaitan (India) Limited
1906,SABAR,Sabar Flex India Limited
1907,UNIINFO,Uniinfo Telecom Services Limited
1908,MAKS,Maks Energy Solutions India Limited
1909,TAPIFRUIT,Tapi Fruit Processing Limited
1910,TANTIACONS,Tantia Constructions Limited
1911,GAYAHWS,Gayatri Highways Limited
1912,SETUINFRA,Setubandhan Infrastructure Limited
1913,VEEKAYEM,Veekayem Fashion and Apparels Limited
1914,ISHAN,Ishan International Limited
1915,TIJARIA,Tijaria Polypipes Limited
1916,ORTINLAB,Ortin Laboratories Limited
1917,GUJRAFFIA,Gujarat Raffia Industries Limited
1918,ONELIFECAP,Onelife Capital Advisors Limited
1919,KAUSHALYA,Kaushalya Infrastructure Development Corporation Limited
1920,VERA,Vera Synthetic Limited
1921,METALFORGE,Metalyst Forgings Limited
1922,SURANI,Surani Steel Tubes Limited
1923,LYPSAGEMS,Lypsa Gems & Jewellery Limited
1924,MITTAL,Mittal Life Style Limited
1925,TNTELE,Tamilnadu Telecommunication Limited
1926,AMIABLE,Amiable Logistics (India) Limited
1927,ABINFRA,A B Infrabuild Limited
1928,SMVD,SMVD Poly Pack Limited
1929,CONTI,Continental Seeds and Chemicals Limited
1930,NATNLSTEEL,National Steel And Agro Industries Limited
1931,TECHIN,Techindia Nirman Limited
1932,RMCL,Radha Madhav Corporation Limited
1933,SPRL,Sp Refractories Limited
1934,JALAN,Jalan Transolutions (India) Limited
1935,DESTINY,Destiny Logistics & Infra Limited
1936,S&SPOWER,S&S Power Switchgears Limited
1937,KAVVERITEL,Kavveri Telecom Products Limited
1938,KANDARP,Kandarp Digi Smart BPO Limited
1939,PERFECT,Perfect Infraengineers Limited
1940,ARENTERP,Rajdarshan Industries Limited
1941,UMESLTD,Usha Martin Education & Solutions Limited
1942,ANTGRAPHIC,Antarctica Limited
1943,KALYANI,Kalyani Commercials Limited
1944,SSINFRA,S.S. Infrastructure Development Consultants Limited
1945,SHYAMTEL,Shyam Telecom Limited
1946,CMMIPL,CMM Infraprojects Limited
1947,ACCORD,Accord Synergy Limited
1948,TVVISION,TV Vision Limited
1949,RMDRIP,R M Drip and Sprinklers Systems Limited
1950,BRIGHT,Bright Solar Limited
1951,DCMFINSERV,DCM Financial Services Limited
1952,PREMIER,Premier Limited
1953,EUROTEXIND,Eurotex Industries and Exports Limited
1954,RADAAN,Radaan Mediaworks India Limited
1955,KCK,Kck Industries Limited
1956,NORBTEAEXP,Norben Tea & Exports Limited
1957,SATHAISPAT,Sathavahana Ispat Limited
1958,AILIMITED,Abhishek Integrations Limited
1959,CREATIVEYE,Creative Eye Limited
1960,TARAPUR,Tarapur Transformers Limited
1961,ALPSINDUS,Alps Industries Limited
1962,ABNINT,A B N Intercorp Limited
1963,GLFL,Gujarat Lease Financing Limited
1964,VASA,Vasa Retail and Overseas Ltd
1965,BKMINDST,Bkm Industries Limited
1966,AHIMSA,Ahimsa Industries Limited
1967,GRETEX,Gretex Industries Limited
1968,SRIRAM,Shri Ram Switchgears Limited
1969,TRANSWIND,Transwind Infrastructures Limited
1970,NIRAJISPAT,Niraj Ispat Industries Limited
1971,SKSTEXTILE,SKS Textiles Limited
1972,LAKPRE,Lakshmi Precision Screws Limited
1973,SABEVENTS,Sab Events & Governance Now Media Limited
1974,INDLMETER,IMP Powers Limited
1975,DRL,Dhanuka Realty Limited
1976,MANAV,Manav Infra Projects Limited
1977,BHALCHANDR,Bhalchandram Clothing Limited
1978,INNOVATIVE,Innovative Tyres and Tubes Limited
1979,MELSTAR,Melstar Information Technologies Limited
